{"stats":{"minecraft:picked_up":{"minecraft:wooden_axe":1,"minecraft:birch_log":99,"quark:crab_leg":1,"minecraft:crafting_table":3,"minecraft:cooked_beef":2,"minecraft:andesite":1,"minecraft:birch_planks":13,"minecraft:dirt":69,"minecraft:bone":1,"minecraft:bow":1,"minecraft:wheat_seeds":8,"minecraft:sugar_cane":12,"minecraft:birch_sapling":28,"minecraft:stick":23,"intensehorror:ectoplasm":1,"intensehorror:book_of_horror":2,"minecraft:torch":5,"minecraft:porkchop":5,"minecraft:sand":8,"quark:birch_ladder":6,"minecraft:arrow":1,"minecraft:rotten_flesh":2,"intensehorror:ghostface_mask_helmet":1,"minecraft:mutton":2,"minecraft:white_wool":1,"minecraft:cobblestone":14},"minecraft:dropped":{"minecraft:wooden_axe":1},"minecraft:used":{"minecraft:birch_planks":195,"minecraft:wooden_pickaxe":14,"minecraft:torch":3,"minecraft:dirt":15,"minecraft:mutton":2,"minecraft:crafting_table":6,"quark:birch_ladder":6,"minecraft:wooden_axe":125,"minecraft:birch_sapling":28,"minecraft:cobblestone":3,"quark:cooked_crab_leg":1,"minecraft:furnace":1,"minecraft:cooked_porkchop":5,"minecraft:cooked_beef":2},"minecraft:custom":{"minecraft:interact_with_furnace":8,"minecraft:mob_kills":13,"minecraft:interact_with_crafting_table":11,"minecraft:leave_game":2,"minecraft:time_since_death":4089,"minecraft:climb_one_cm":9294,"minecraft:time_since_rest":4123,"minecraft:sprint_one_cm":182847,"minecraft:damage_taken":5295,"minecraft:walk_one_cm":244925,"minecraft:drop":1,"minecraft:damage_dealt":1631,"minecraft:swim_one_cm":30387,"minecraft:fly_one_cm":80546,"minecraft:open_chest":1,"minecraft:crouch_one_cm":14572,"minecraft:play_time":105053,"minecraft:deaths":10,"minecraft:sneak_time":15006,"minecraft:walk_under_water_one_cm":5113,"minecraft:jump":699,"minecraft:walk_on_water_one_cm":13482,"minecraft:total_world_time":105053,"minecraft:fall_one_cm":20981},"minecraft:mined":{"minecraft:crafting_table":3,"minecraft:torch":1,"minecraft:grass_block":28,"minecraft:sugar_cane":4,"minecraft:wall_torch":2,"minecraft:birch_planks":9,"minecraft:birch_log":3,"minecraft:birch_leaves":1,"minecraft:andesite":1,"treechop:chopped_log":13,"minecraft:grass":45,"quark:birch_ladder":6,"minecraft:dirt":39,"minecraft:stone":13},"minecraft:killed_by":{"intensehorror:reaper":1,"sanitydim:rotting_stalker":2,"shy_guy:shy_guy_rage":1},"minecraft:broken":{"minecraft:wooden_axe":2},"minecraft:killed":{"minecraft:pig":2,"minecraft:sheep":1,"minecraft:zombie":1,"quark:crab":1,"endofherobrine:sheep":7},"minecraft:crafted":{"minecraft:cooked_porkchop":5,"minecraft:crafting_table":4,"minecraft:wooden_pickaxe":1,"minecraft:furnace":1,"quark:birch_ladder":4,"minecraft:birch_planks":400,"minecraft:air":0,"minecraft:stick":68,"minecraft:wooden_axe":3,"quark:cooked_crab_leg":1,"minecraft:birch_stairs":40}},"DataVersion":3465}