{"stats":{"minecraft:killed_by":{"intensehorror:fritz":1,"intensehorror:freddy_krueger":1,"intensehorror:reaper":1,"shy_guy:shy_guy_rage":2,"minecraft:player":4,"intensehorror:deadly_sphere":1,"intensehorror:michael_myers":1},"minecraft:used":{"minecraft:iron_shovel":198,"minecraft:spruce_slab":77,"minecraft:poppy":11,"minecraft:shield":49,"minecraft:stone":138,"minecraft:iron_chestplate":1,"intensehorror:cherry_candy":19,"sanitydim:garland":4,"intensehorror:wall_flags":3,"minecraft:lantern":6,"minecraft:stone_brick_stairs":31,"minecraft:stone_bricks":223,"minecraft:oak_sapling":13,"minecraft:furnace":13,"minecraft:cooked_cod":19,"minecraft:egg":8,"minecraft:potato":6,"minecraft:dark_oak_sapling":9,"minecraft:diorite":12,"minecraft:spruce_door":4,"minecraft:stone_pickaxe":192,"minecraft:blackstone":2,"minecraft:wooden_pickaxe":10,"minecraft:diamond_axe":818,"minecraft:sugar_cane":1,"minecraft:sand":1,"intensehorror:death_sickle":3,"relics:horse_flute":1,"minecraft:bread":15,"minecraft:stone_button":6,"minecraft:iron_door":3,"minecraft:gravel":12,"minecraft:soul_lantern":1,"intensehorror:strawberry_candy":23,"minecraft:bone_meal":15,"quark:birch_chest":3,"minecraft:stone_sword":122,"minecraft:flint_and_steel":136,"tacz:gun_smith_table":4,"minecraft:spruce_planks":270,"intensehorror:orange_candy":19,"minecraft:stone_hoe":3,"minecraft:cooked_chicken":3,"minecraft:netherrack":112,"minecraft:torch":86,"minecraft:brewing_stand":1,"minecraft:dirt":154,"intensehorror:apple_candy":20,"tacz:workbench_c":2,"minecraft:white_carpet":3,"tacz:workbench_a":3,"minecraft:spruce_stairs":166,"minecraft:spruce_fence":9,"minecraft:stone_brick_slab":6,"quark:spruce_chest":8,"minecraft:iron_boots":1,"minecraft:cherry_fence_gate":4,"intensehorror:hanging_pumpkins":4,"minecraft:golden_carrot":43,"intensehorror:lemon_candy":8,"minecraft:cherry_fence":48,"minecraft:cooked_beef":12,"intensehorror:brain_in_a_jar":1,"intensehorror:stacked_pumpkin":1,"minecraft:cherry_log":1,"minecraft:cooked_mutton":6,"minecraft:cobblestone_stairs":2,"minecraft:baked_potato":10,"minecraft:birch_boat":8,"minecraft:cherry_planks":2,"intensehorror:hanging_ghost":1,"minecraft:spruce_sign":4,"minecraft:spruce_fence_gate":5,"minecraft:leather_boots":1,"minecraft:polished_blackstone_bricks":3,"intensehorror:jack_o_scarecrow":1,"minecraft:crafting_table":24,"minecraft:white_bed":3,"minecraft:campfire":5,"minecraft:spruce_log":48,"minecraft:diamond_pickaxe":533,"minecraft:apple":5,"minecraft:cracked_polished_blackstone_bricks":1,"minecraft:oak_button":2,"minecraft:suspicious_stew":1,"minecraft:iron_pickaxe":253,"minecraft:spruce_trapdoor":38,"minecraft:spruce_sapling":184,"minecraft:stone_axe":67,"minecraft:cobblestone":131,"quark:spruce_ladder":11,"minecraft:cooked_porkchop":12,"minecraft:glass_pane":8,"minecraft:dandelion":2},"minecraft:mined":{"minecraft:spruce_planks":63,"minecraft:white_bed":3,"minecraft:cobbled_deepslate_stairs":1,"intensehorror:hanging_pumpkins":4,"tacz:workbench_c":2,"tacz:workbench_a":3,"minecraft:brewing_stand":4,"minecraft:spruce_trapdoor":6,"minecraft:grass_block":103,"minecraft:cracked_polished_blackstone_bricks":1,"minecraft:composter":1,"tacz:gun_smith_table":4,"minecraft:polished_blackstone_bricks":5,"minecraft:iron_ore":17,"minecraft:fire":28,"minecraft:oak_sign":1,"minecraft:dirt_path":29,"minecraft:deepslate_brick_stairs":1,"minecraft:iron_block":10,"minecraft:spruce_slab":8,"minecraft:tripwire":1,"minecraft:blackstone":2,"minecraft:soul_lantern":1,"minecraft:torch":8,"intensehorror:brain_in_a_jar":1,"minecraft:poppy":35,"minecraft:nether_quartz_ore":16,"minecraft:cobblestone":38,"minecraft:sugar_cane":70,"minecraft:iron_door":1,"minecraft:wall_torch":17,"minecraft:spruce_sign":6,"minecraft:seagrass":1,"minecraft:cherry_fence":14,"minecraft:birch_log":1,"minecraft:tnt":2,"minecraft:stone_brick_stairs":6,"minecraft:grass":177,"quark:birch_chest":1,"minecraft:dark_oak_sapling":1,"minecraft:sand":73,"minecraft:dirt":45,"minecraft:red_mushroom_block":3,"minecraft:netherrack":77,"intensehorror:wall_flags":6,"minecraft:cobbled_deepslate_slab":1,"minecraft:ladder":2,"minecraft:stone_button":1,"quark:stone_brick_vertical_slab":2,"minecraft:spruce_leaves":6,"minecraft:cartography_table":1,"minecraft:deepslate_brick_slab":2,"minecraft:spruce_sapling":4,"minecraft:furnace":8,"minecraft:carrots":3,"treechop:chopped_log":46,"minecraft:potatoes":3,"minecraft:lantern":1,"minecraft:stone":723,"minecraft:podzol":4,"minecraft:lily_of_the_valley":22,"minecraft:stone_brick_slab":2,"minecraft:dandelion":9,"minecraft:crafting_table":20,"minecraft:rose_bush":23,"minecraft:campfire":1,"endofherobrine:glowing_obsidian":6,"minecraft:tall_grass":13,"minecraft:copper_ore":6,"minecraft:blue_bed":1,"minecraft:diorite":12,"minecraft:spruce_stairs":14,"minecraft:birch_planks":5,"minecraft:spruce_log":4,"intensehorror:stacked_pumpkin":1,"minecraft:coal_ore":24,"minecraft:gravel":21,"intensehorror:hanging_ghost":1,"minecraft:oak_button":2,"minecraft:stone_bricks":9},"minecraft:killed":{"intensehorror:vampire_bat":1,"intensehorror:the_possessed":2,"intensehorror:fritz":1,"minecraft:spider":2,"intensehorror:demon":1,"sanitydim:sneaking_terror":1,"minecraft:skeleton":17,"intensehorror:butcher":2,"minecraft:chicken":3,"intensehorror:reaper":3,"minecraft:cat":3,"minecraft:piglin":2,"minecraft:zombie_villager":3,"minecraft:sheep":1,"intensehorror:frankenstein":1,"minecraft:zombie":11,"cave_dweller:cave_dweller":1,"endofherobrine:cow":1,"endofherobrine:pigman":1,"apollyon:the_damned":5,"intensehorror:severed_hand":2,"intensehorror:deadly_sphere":2,"boiled_reimagined:the_boiled_one":1,"intensehorror:mummy":2,"intensehorror:mad_professor":1,"intensehorror:creature_from_the_deep":1,"midnightlurker:midnight_lurker_runaway":1,"intensehorror:swamp_thing":1,"intensehorror:skelegang":1,"intensehorror:vampire":3,"intensehorror:ghostface":1,"intensehorror:cursed_scarecrow":2,"intensehorror:mothman":1,"intensehorror:jason_voorhees":1,"endofherobrine:sheep":29,"intensehorror:ghost":6},"minecraft:broken":{"minecraft:iron_chestplate":1,"sanitydim:garland":4,"minecraft:stone_pickaxe":1,"minecraft:flint_and_steel":2,"minecraft:shield":2,"minecraft:iron_pickaxe":1},"minecraft:custom":{"lootr:looted_stat":12,"minecraft:interact_with_crafting_table":110,"minecraft:open_barrel":6,"minecraft:leave_game":36,"minecraft:time_since_death":16017,"minecraft:sprint_one_cm":953815,"minecraft:damage_blocked_by_shield":10257,"minecraft:drop":195,"minecraft:talked_to_villager":123,"minecraft:play_time":709429,"minecraft:deaths":24,"minecraft:jump":7895,"minecraft:walk_on_water_one_cm":49042,"minecraft:interact_with_furnace":105,"minecraft:traded_with_villager":416,"minecraft:sleep_in_bed":19,"minecraft:damage_dealt":7366,"minecraft:player_kills":2,"minecraft:crouch_one_cm":69878,"minecraft:interact_with_smoker":6,"minecraft:horse_one_cm":5677,"minecraft:mob_kills":126,"minecraft:climb_one_cm":89690,"minecraft:walk_one_cm":1557495,"minecraft:sneak_time":21250,"minecraft:walk_under_water_one_cm":30655,"minecraft:boat_one_cm":95046,"minecraft:interact_with_lectern":1,"minecraft:interact_with_blast_furnace":22,"minecraft:total_world_time":709429,"minecraft:interact_with_grindstone":1,"minecraft:time_since_rest":10409,"minecraft:damage_taken":22888,"minecraft:swim_one_cm":110910,"minecraft:fly_one_cm":1907356,"minecraft:open_chest":482,"minecraft:fall_one_cm":222542},"minecraft:picked_up":{"minecraft:iron_chestplate":1,"tacz:workbench_c":2,"minecraft:prismarine_shard":1,"minecraft:wither_rose":3,"tacz:workbench_a":4,"minecraft:stone_brick_stairs":6,"minecraft:brewing_stand":4,"minecraft:string":8,"minecraft:raw_copper":74,"minecraft:netherite_ingot":6,"intensehorror:jack_o_scarecrow":2,"intensehorror:nail":10,"intensehorror:charged_core":1,"minecraft:spruce_planks":62,"intensehorror:undead_necklace":1,"minecraft:rose_bush":46,"intensehorror:double_jack_o_lantern":8,"relics:blazing_flask":1,"minecraft:furnace":8,"minecraft:stick":424,"intensehorror:hanging_skeleton":1,"minecraft:composter":1,"minecraft:torch":25,"minecraft:spruce_stairs":14,"intensehorror:stacked_pumpkin":2,"tacz:attachment":2,"minecraft:diorite":13,"minecraft:stone_sword":1,"minecraft:rotten_flesh":9,"minecraft:iron_block":11,"intensehorror:toxic_flask":1,"minecraft:cobblestone":2190,"minecraft:birch_log":81,"minecraft:feather":6,"minecraft:cooked_beef":14,"minecraft:cherry_planks":52,"minecraft:iron_door":1,"minecraft:andesite":1,"minecraft:potato":22,"minecraft:flint":3,"minecraft:cherry_fence":14,"minecraft:dirt":220,"minecraft:lantern":1,"minecraft:name_tag":1,"minecraft:bone":11,"minecraft:wheat_seeds":21,"minecraft:deepslate_brick_slab":2,"minecraft:cobbled_deepslate_slab":1,"intensehorror:hanging_flags":6,"intensehorror:wall_flags":3,"tacz:gun_smith_table":5,"intensehorror:music_disc_night_of_fright":3,"intensehorror:book_of_horror":1,"minecraft:sand":166,"quark:stone_brick_vertical_slab":2,"minecraft:lily_of_the_valley":22,"minecraft:dark_oak_log":96,"intensehorror:death_sickle":1,"intensehorror:cherry_candy":16,"intensehorror:orange_candy":17,"minecraft:soul_lantern":1,"minecraft:cracked_polished_blackstone_bricks":1,"minecraft:spruce_sign":8,"minecraft:bread":119,"minecraft:oak_sapling":35,"minecraft:netherrack":101,"minecraft:diamond_pickaxe":1,"minecraft:charcoal":13,"minecraft:crafting_table":19,"intensehorror:hanging_ghost":3,"artifacts:night_vision_goggles":1,"minecraft:chicken":3,"minecraft:ladder":1,"intensehorror:lunar_tablet":3,"minecraft:brown_mushroom":10,"minecraft:wooden_pickaxe":1,"intensehorror:scarecrow":3,"intensehorror:hanging_pumpkins":8,"intensehorror:lemon_candy":20,"minecraft:flint_and_steel":1,"tacz:ammo":1065,"minecraft:blackstone":2,"minecraft:poppy":55,"minecraft:spruce_slab":8,"minecraft:sugar_cane":151,"minecraft:birch_sapling":20,"minecraft:spruce_trapdoor":6,"minecraft:egg":8,"intensehorror:brain_in_a_jar":2,"minecraft:dark_oak_sapling":15,"minecraft:raw_iron":18,"intensehorror:ectoplasm":32,"minecraft:copper_ingot":99,"minecraft:polished_blackstone_bricks":5,"minecraft:stone_button":1,"quark:birch_chest":1,"minecraft:carrot":6,"minecraft:tnt":2,"minecraft:arrow":21,"intensehorror:sand_blaster":1,"minecraft:white_wool":2,"minecraft:leather":4,"minecraft:filled_map":1,"minecraft:birch_planks":8,"intensehorror:mothman_eyes":2,"minecraft:oak_log":76,"minecraft:gunpowder":27,"intensehorror:candy_bag":3,"sanitydim:garland":3,"minecraft:paper":2,"minecraft:cooked_mutton":10,"minecraft:apple":7,"minecraft:stone_bricks":9,"shy_guy:disturbing_photo":1,"minecraft:iron_ingot":36,"intensehorror:raw_meat":1,"minecraft:book":4,"intensehorror:apple_candy":19,"minecraft:birch_boat":7,"minecraft:stone_brick_slab":2,"minecraft:quartz":16,"minecraft:dandelion":9,"minecraft:gravel":20,"minecraft:spruce_sapling":255,"minecraft:white_bed":3,"minecraft:spruce_log":1727,"intensehorror:strawberry_candy":21,"tacz:modern_kinetic_gun":9,"minecraft:iron_helmet":1,"minecraft:diamond_axe":1,"minecraft:oak_button":2,"minecraft:coal":53},"minecraft:crafted":{"minecraft:oak_planks":4,"quark:birch_chest":2,"minecraft:birch_boat":2,"minecraft:cooked_chicken":3,"minecraft:stone":1139,"minecraft:cooked_mutton":10,"minecraft:suspicious_stew":3,"minecraft:glass":6,"minecraft:stone_brick_slab":6,"minecraft:diamond_helmet":1,"minecraft:diamond_leggings":1,"minecraft:iron_door":3,"minecraft:stone_hoe":1,"minecraft:stone_bricks":300,"minecraft:cherry_fence":60,"minecraft:emerald":336,"minecraft:cooked_porkchop":1,"minecraft:diamond_axe":1,"minecraft:crafting_table":5,"minecraft:spruce_planks":788,"tacz:ammo_box":3,"minecraft:baked_potato":16,"minecraft:wooden_pickaxe":1,"minecraft:spruce_door":6,"minecraft:copper_ingot":438,"minecraft:birch_planks":104,"minecraft:campfire":5,"minecraft:apple":64,"minecraft:stone_brick_stairs":48,"minecraft:spruce_trapdoor":32,"minecraft:iron_chestplate":1,"minecraft:charcoal":23,"minecraft:diamond_pickaxe":2,"minecraft:shield":4,"minecraft:stick":10935,"minecraft:iron_ingot":304,"minecraft:iron_pickaxe":2,"minecraft:iron_block":1,"minecraft:stone_sword":1,"minecraft:gold_ingot":72,"minecraft:spruce_fence_gate":5,"minecraft:golden_carrot":90,"minecraft:cherry_planks":48,"minecraft:cookie":216,"minecraft:iron_nugget":72,"minecraft:furnace":8,"minecraft:stone_button":5,"minecraft:bone_meal":15,"sanitydim:garland":7,"minecraft:spruce_fence":12,"minecraft:white_carpet":3,"minecraft:glass_pane":16,"minecraft:flint_and_steel":2,"minecraft:lantern":9,"minecraft:spruce_stairs":164,"minecraft:diamond":18,"minecraft:spruce_slab":96,"minecraft:stone_pickaxe":2,"minecraft:diamond_boots":1,"quark:spruce_chest":8,"minecraft:cherry_fence_gate":4,"minecraft:sugar":12,"intensehorror:solar_tablet":1,"tacz:gun_smith_table":1,"quark:spruce_ladder":12,"minecraft:stone_axe":1,"minecraft:enchanted_book":2,"minecraft:bread":72,"minecraft:air":0,"tacz:workbench_a":1,"minecraft:gunpowder":3,"minecraft:iron_shovel":1,"minecraft:torch":84,"minecraft:diamond_chestplate":1},"minecraft:dropped":{"minecraft:spruce_sign":4,"minecraft:birch_planks":1,"minecraft:diamond_axe":1,"minecraft:oak_log":7,"minecraft:cooked_beef":12,"minecraft:baked_potato":6,"intensehorror:book_of_horror":1,"minecraft:dark_oak_sapling":1,"minecraft:cookie":216,"intensehorror:double_jack_o_lantern":8,"minecraft:dirt":56,"intensehorror:hanging_flags":6,"minecraft:sand":20,"minecraft:polished_blackstone_bricks":2,"minecraft:iron_pickaxe":1,"minecraft:bone":2,"intensehorror:stacked_pumpkin":1,"minecraft:stone_axe":1,"intensehorror:brain_in_a_jar":1,"intensehorror:hanging_skeleton":1,"minecraft:birch_sapling":20,"minecraft:rotten_flesh":9,"minecraft:cooked_mutton":14,"intensehorror:hanging_ghost":2,"minecraft:poppy":4,"intensehorror:scarecrow":3,"minecraft:leather_boots":1,"intensehorror:lunar_tablet":1,"minecraft:arrow":19,"intensehorror:charged_core":1,"minecraft:enchanted_book":1,"minecraft:bread":119,"minecraft:wheat_seeds":6,"minecraft:tnt":2,"minecraft:prismarine_shard":1,"minecraft:iron_helmet":1,"minecraft:cobblestone":9,"minecraft:apple":70,"intensehorror:jack_o_scarecrow":1,"minecraft:stick":392,"minecraft:iron_block":10,"minecraft:diorite":1,"minecraft:golden_carrot":12,"minecraft:torch":5,"minecraft:rose_bush":46,"minecraft:cherry_planks":1,"intensehorror:music_disc_night_of_fright":1,"tacz:modern_kinetic_gun":6,"quark:spruce_ladder":1,"intensehorror:mothman_eyes":2,"minecraft:dandelion":1,"intensehorror:ectoplasm":30,"minecraft:netherite_ingot":6,"minecraft:stone_sword":1,"minecraft:bowl":1,"minecraft:composter":1,"minecraft:iron_boots":1,"intensehorror:sand_blaster":1,"shy_guy:disturbing_photo":1,"relics:blazing_flask":1,"minecraft:suspicious_stew":2,"minecraft:filled_map":2,"minecraft:shield":1,"intensehorror:raw_meat":1,"minecraft:diamond_pickaxe":1,"minecraft:iron_chestplate":1,"minecraft:andesite":1,"sanitydim:garland":6,"minecraft:oak_sapling":21,"intensehorror:nail":10,"minecraft:wooden_pickaxe":2,"minecraft:stone_pickaxe":1,"intensehorror:hanging_pumpkins":4}},"DataVersion":3465}