{"stats":{"minecraft:killed":{"intensehorror:vampire_bat":1,"intensehorror:the_possessed":2,"intensehorror:fritz":1,"intensehorror:demon":1,"sanitydim:sneaking_terror":1,"minecraft:skeleton":1,"intensehorror:butcher":2,"minecraft:chicken":3,"intensehorror:reaper":1,"minecraft:sheep":1,"endofherobrine:cow":1,"endofherobrine:pigman":1,"apollyon:the_damned":2,"intensehorror:severed_hand":2,"intensehorror:deadly_sphere":2,"intensehorror:mummy":1,"intensehorror:mad_professor":1,"intensehorror:creature_from_the_deep":1,"midnightlurker:midnight_lurker_runaway":1,"intensehorror:swamp_thing":1,"intensehorror:skelegang":1,"intensehorror:vampire":3,"intensehorror:ghostface":1,"intensehorror:cursed_scarecrow":2,"intensehorror:mothman":1,"intensehorror:jason_voorhees":1,"endofherobrine:sheep":29,"intensehorror:ghost":6},"minecraft:used":{"minecraft:iron_shovel":136,"minecraft:spruce_slab":75,"minecraft:poppy":11,"minecraft:shield":28,"minecraft:stone":138,"minecraft:iron_chestplate":1,"sanitydim:garland":4,"intensehorror:cherry_candy":6,"intensehorror:wall_flags":2,"minecraft:lantern":6,"minecraft:stone_brick_stairs":31,"minecraft:stone_bricks":223,"minecraft:furnace":7,"minecraft:cooked_cod":15,"minecraft:egg":2,"minecraft:potato":6,"minecraft:dark_oak_sapling":9,"minecraft:diorite":12,"minecraft:spruce_door":4,"minecraft:stone_pickaxe":192,"minecraft:wooden_pickaxe":10,"minecraft:diamond_axe":286,"minecraft:sugar_cane":1,"minecraft:sand":1,"relics:horse_flute":1,"minecraft:stone_button":5,"minecraft:iron_door":2,"intensehorror:strawberry_candy":5,"minecraft:bone_meal":15,"quark:birch_chest":3,"minecraft:stone_sword":118,"tacz:gun_smith_table":2,"minecraft:spruce_planks":222,"intensehorror:orange_candy":5,"minecraft:stone_hoe":3,"minecraft:cooked_chicken":3,"minecraft:torch":86,"minecraft:dirt":145,"intensehorror:apple_candy":5,"minecraft:white_carpet":3,"tacz:workbench_a":1,"minecraft:spruce_stairs":166,"minecraft:spruce_fence":9,"minecraft:stone_brick_slab":6,"quark:spruce_chest":8,"minecraft:iron_boots":1,"intensehorror:hanging_pumpkins":4,"intensehorror:lemon_candy":8,"minecraft:cooked_beef":12,"intensehorror:brain_in_a_jar":1,"intensehorror:stacked_pumpkin":1,"minecraft:cooked_mutton":6,"minecraft:baked_potato":10,"minecraft:birch_boat":8,"minecraft:cherry_planks":2,"intensehorror:hanging_ghost":1,"minecraft:spruce_sign":1,"minecraft:leather_boots":1,"minecraft:spruce_fence_gate":5,"intensehorror:jack_o_scarecrow":1,"minecraft:crafting_table":24,"minecraft:campfire":5,"minecraft:white_bed":3,"minecraft:spruce_log":47,"minecraft:diamond_pickaxe":403,"minecraft:oak_button":2,"minecraft:iron_pickaxe":253,"minecraft:spruce_trapdoor":37,"minecraft:spruce_sapling":40,"minecraft:stone_axe":67,"minecraft:cobblestone":129,"minecraft:cooked_porkchop":12,"quark:spruce_ladder":11,"minecraft:glass_pane":8,"minecraft:dandelion":2},"minecraft:broken":{"minecraft:iron_chestplate":1,"sanitydim:garland":4,"minecraft:stone_pickaxe":1,"minecraft:shield":1,"minecraft:iron_pickaxe":1},"minecraft:dropped":{"minecraft:spruce_sign":4,"minecraft:cooked_beef":12,"minecraft:baked_potato":6,"intensehorror:book_of_horror":1,"intensehorror:double_jack_o_lantern":8,"minecraft:dirt":11,"minecraft:sand":20,"minecraft:iron_pickaxe":1,"intensehorror:stacked_pumpkin":1,"minecraft:stone_axe":1,"intensehorror:brain_in_a_jar":1,"intensehorror:hanging_skeleton":1,"minecraft:birch_sapling":18,"minecraft:rotten_flesh":2,"minecraft:cooked_mutton":14,"intensehorror:hanging_ghost":2,"minecraft:poppy":4,"intensehorror:scarecrow":3,"minecraft:leather_boots":1,"intensehorror:lunar_tablet":1,"minecraft:arrow":5,"intensehorror:charged_core":1,"minecraft:wheat_seeds":5,"minecraft:cobblestone":2,"intensehorror:jack_o_scarecrow":1,"minecraft:diorite":1,"minecraft:torch":5,"minecraft:rose_bush":46,"minecraft:cherry_planks":1,"intensehorror:music_disc_night_of_fright":1,"tacz:modern_kinetic_gun":3,"quark:spruce_ladder":1,"intensehorror:mothman_eyes":2,"minecraft:dandelion":1,"intensehorror:ectoplasm":30,"minecraft:stone_sword":1,"shy_guy:disturbing_photo":1,"minecraft:filled_map":2,"minecraft:shield":1,"intensehorror:raw_meat":1,"minecraft:diamond_pickaxe":1,"minecraft:andesite":1,"sanitydim:garland":6,"intensehorror:nail":10,"minecraft:stone_pickaxe":1,"minecraft:wooden_pickaxe":2,"intensehorror:hanging_pumpkins":4},"minecraft:crafted":{"quark:birch_chest":2,"minecraft:birch_boat":2,"minecraft:cooked_chicken":3,"minecraft:stone":1139,"minecraft:cooked_mutton":10,"minecraft:glass":6,"minecraft:stone_brick_slab":6,"minecraft:iron_door":3,"minecraft:stone_hoe":1,"minecraft:stone_bricks":300,"minecraft:cooked_porkchop":1,"minecraft:diamond_axe":1,"minecraft:crafting_table":5,"minecraft:spruce_planks":724,"tacz:ammo_box":2,"minecraft:baked_potato":16,"minecraft:wooden_pickaxe":1,"minecraft:spruce_door":6,"minecraft:copper_ingot":281,"minecraft:birch_planks":96,"minecraft:campfire":5,"minecraft:stone_brick_stairs":48,"minecraft:spruce_trapdoor":32,"minecraft:iron_chestplate":1,"minecraft:charcoal":23,"minecraft:diamond_pickaxe":2,"minecraft:shield":3,"minecraft:stick":80,"minecraft:iron_ingot":96,"minecraft:iron_pickaxe":2,"minecraft:iron_block":1,"minecraft:stone_sword":1,"minecraft:spruce_fence_gate":5,"minecraft:iron_nugget":72,"minecraft:stone_button":4,"minecraft:bone_meal":15,"sanitydim:garland":7,"minecraft:spruce_fence":12,"minecraft:white_carpet":3,"minecraft:glass_pane":16,"minecraft:lantern":9,"minecraft:diamond":18,"minecraft:spruce_stairs":164,"minecraft:spruce_slab":96,"minecraft:stone_pickaxe":2,"quark:spruce_chest":8,"minecraft:sugar":2,"tacz:gun_smith_table":1,"quark:spruce_ladder":12,"minecraft:stone_axe":1,"minecraft:air":0,"tacz:workbench_a":1,"minecraft:gunpowder":3,"minecraft:iron_shovel":1,"minecraft:torch":84},"minecraft:custom":{"lootr:looted_stat":4,"minecraft:interact_with_crafting_table":101,"minecraft:leave_game":32,"minecraft:time_since_death":79127,"minecraft:sprint_one_cm":467121,"minecraft:damage_blocked_by_shield":5564,"minecraft:drop":115,"minecraft:play_time":439492,"minecraft:deaths":19,"minecraft:jump":4396,"minecraft:walk_on_water_one_cm":32777,"minecraft:interact_with_furnace":104,"minecraft:sleep_in_bed":5,"minecraft:damage_dealt":7057,"minecraft:player_kills":2,"minecraft:crouch_one_cm":64826,"minecraft:interact_with_smoker":2,"minecraft:horse_one_cm":5677,"minecraft:mob_kills":80,"minecraft:climb_one_cm":57022,"minecraft:walk_one_cm":945350,"minecraft:sneak_time":19222,"minecraft:walk_under_water_one_cm":16523,"minecraft:boat_one_cm":95046,"minecraft:interact_with_lectern":1,"minecraft:interact_with_blast_furnace":1,"minecraft:total_world_time":439492,"minecraft:time_since_rest":79201,"minecraft:damage_taken":15425,"minecraft:swim_one_cm":81217,"minecraft:fly_one_cm":759825,"minecraft:open_chest":272,"minecraft:fall_one_cm":110426},"minecraft:picked_up":{"minecraft:iron_chestplate":1,"minecraft:wither_rose":3,"tacz:workbench_a":2,"minecraft:stone_brick_stairs":4,"minecraft:brewing_stand":4,"minecraft:string":2,"minecraft:raw_copper":74,"intensehorror:nail":10,"intensehorror:jack_o_scarecrow":2,"intensehorror:charged_core":1,"minecraft:spruce_planks":61,"minecraft:rose_bush":46,"intensehorror:double_jack_o_lantern":8,"minecraft:furnace":8,"minecraft:stick":48,"intensehorror:hanging_skeleton":1,"minecraft:torch":25,"minecraft:spruce_stairs":14,"intensehorror:stacked_pumpkin":2,"minecraft:diorite":13,"minecraft:stone_sword":1,"minecraft:rotten_flesh":2,"intensehorror:toxic_flask":1,"minecraft:cobblestone":2177,"minecraft:birch_log":81,"minecraft:cooked_beef":14,"minecraft:feather":6,"minecraft:cherry_planks":3,"minecraft:andesite":1,"minecraft:potato":22,"minecraft:flint":1,"minecraft:dirt":165,"minecraft:lantern":1,"minecraft:bone":8,"minecraft:wheat_seeds":16,"minecraft:deepslate_brick_slab":2,"intensehorror:wall_flags":2,"tacz:gun_smith_table":3,"intensehorror:music_disc_night_of_fright":3,"intensehorror:book_of_horror":1,"minecraft:sand":111,"minecraft:lily_of_the_valley":22,"minecraft:dark_oak_log":96,"intensehorror:cherry_candy":6,"intensehorror:orange_candy":5,"minecraft:spruce_sign":5,"minecraft:oak_sapling":1,"minecraft:charcoal":13,"minecraft:crafting_table":19,"intensehorror:hanging_ghost":3,"artifacts:night_vision_goggles":1,"minecraft:chicken":3,"minecraft:ladder":1,"intensehorror:lunar_tablet":3,"intensehorror:scarecrow":3,"minecraft:wooden_pickaxe":1,"intensehorror:hanging_pumpkins":8,"intensehorror:lemon_candy":8,"tacz:ammo":875,"minecraft:poppy":55,"minecraft:spruce_slab":5,"minecraft:sugar_cane":55,"minecraft:birch_sapling":18,"minecraft:spruce_trapdoor":6,"minecraft:egg":2,"intensehorror:brain_in_a_jar":2,"minecraft:dark_oak_sapling":14,"minecraft:raw_iron":18,"intensehorror:ectoplasm":32,"minecraft:copper_ingot":99,"minecraft:stone_button":1,"quark:birch_chest":1,"minecraft:carrot":6,"minecraft:arrow":7,"minecraft:white_wool":2,"minecraft:leather":2,"minecraft:filled_map":1,"minecraft:birch_planks":8,"intensehorror:mothman_eyes":2,"minecraft:gunpowder":3,"intensehorror:candy_bag":3,"sanitydim:garland":3,"minecraft:paper":2,"minecraft:cooked_mutton":10,"minecraft:apple":1,"minecraft:stone_bricks":9,"shy_guy:disturbing_photo":1,"minecraft:iron_ingot":36,"intensehorror:raw_meat":1,"intensehorror:apple_candy":5,"minecraft:birch_boat":7,"minecraft:stone_brick_slab":2,"minecraft:dandelion":9,"minecraft:gravel":10,"minecraft:spruce_sapling":43,"minecraft:white_bed":3,"minecraft:spruce_log":284,"intensehorror:strawberry_candy":5,"tacz:modern_kinetic_gun":5,"minecraft:iron_helmet":1,"minecraft:oak_button":2,"minecraft:coal":53},"minecraft:killed_by":{"intensehorror:fritz":1,"intensehorror:freddy_krueger":1,"intensehorror:reaper":1,"shy_guy:shy_guy_rage":2,"minecraft:player":2,"intensehorror:deadly_sphere":1},"minecraft:mined":{"minecraft:spruce_planks":62,"minecraft:white_bed":3,"minecraft:cobbled_deepslate_stairs":1,"intensehorror:hanging_pumpkins":4,"tacz:workbench_a":1,"minecraft:brewing_stand":4,"minecraft:spruce_trapdoor":6,"minecraft:grass_block":96,"tacz:gun_smith_table":2,"minecraft:iron_ore":17,"minecraft:dirt_path":29,"minecraft:deepslate_brick_stairs":1,"minecraft:spruce_slab":5,"minecraft:tripwire":1,"minecraft:torch":8,"intensehorror:brain_in_a_jar":1,"minecraft:poppy":35,"minecraft:cobblestone":36,"minecraft:sugar_cane":21,"minecraft:wall_torch":17,"minecraft:spruce_sign":3,"minecraft:seagrass":1,"minecraft:birch_log":1,"minecraft:stone_brick_stairs":4,"quark:birch_chest":1,"minecraft:grass":131,"minecraft:dark_oak_sapling":1,"minecraft:sand":16,"minecraft:dirt":43,"minecraft:red_mushroom_block":3,"intensehorror:wall_flags":5,"minecraft:ladder":2,"minecraft:stone_button":1,"minecraft:spruce_leaves":6,"minecraft:deepslate_brick_slab":2,"minecraft:furnace":8,"minecraft:carrots":3,"treechop:chopped_log":15,"minecraft:potatoes":3,"minecraft:lantern":1,"minecraft:stone":719,"minecraft:lily_of_the_valley":22,"minecraft:stone_brick_slab":2,"minecraft:dandelion":9,"minecraft:crafting_table":20,"minecraft:rose_bush":23,"minecraft:campfire":1,"endofherobrine:glowing_obsidian":2,"minecraft:copper_ore":6,"minecraft:tall_grass":12,"minecraft:diorite":12,"minecraft:spruce_stairs":14,"minecraft:birch_planks":5,"minecraft:spruce_log":2,"intensehorror:stacked_pumpkin":1,"minecraft:coal_ore":24,"minecraft:gravel":7,"intensehorror:hanging_ghost":1,"minecraft:oak_button":2,"minecraft:stone_bricks":9}},"DataVersion":3465}