{"stats":{"minecraft:killed":{"intensehorror:vampire_bat":1,"intensehorror:the_possessed":2,"intensehorror:fritz":1,"intensehorror:severed_hand":2,"intensehorror:deadly_sphere":2,"intensehorror:demon":1,"minecraft:skeleton":1,"intensehorror:butcher":2,"minecraft:chicken":3,"intensehorror:mummy":1,"intensehorror:mad_professor":1,"intensehorror:reaper":1,"intensehorror:creature_from_the_deep":1,"midnightlurker:midnight_lurker_runaway":1,"intensehorror:swamp_thing":1,"intensehorror:skelegang":1,"intensehorror:vampire":3,"intensehorror:ghostface":1,"minecraft:sheep":1,"intensehorror:cursed_scarecrow":2,"intensehorror:mothman":1,"intensehorror:jason_voorhees":1,"endofherobrine:cow":1,"endofherobrine:pigman":1,"apollyon:the_damned":2,"intensehorror:ghost":6},"minecraft:used":{"quark:birch_chest":3,"minecraft:stone_sword":118,"minecraft:iron_shovel":116,"minecraft:spruce_slab":75,"minecraft:poppy":11,"tacz:gun_smith_table":2,"minecraft:spruce_planks":120,"minecraft:shield":28,"intensehorror:orange_candy":5,"minecraft:stone":138,"minecraft:cooked_chicken":3,"minecraft:stone_hoe":3,"minecraft:iron_chestplate":1,"minecraft:torch":86,"minecraft:white_carpet":3,"minecraft:dirt":132,"intensehorror:apple_candy":5,"intensehorror:cherry_candy":6,"sanitydim:garland":4,"intensehorror:wall_flags":2,"tacz:workbench_a":1,"minecraft:spruce_stairs":152,"minecraft:spruce_fence":9,"minecraft:stone_brick_slab":4,"quark:spruce_chest":8,"minecraft:lantern":3,"minecraft:stone_brick_stairs":7,"minecraft:stone_bricks":223,"intensehorror:hanging_pumpkins":4,"minecraft:cooked_cod":2,"minecraft:furnace":7,"intensehorror:lemon_candy":8,"minecraft:egg":2,"minecraft:cooked_beef":12,"minecraft:potato":6,"intensehorror:brain_in_a_jar":1,"intensehorror:stacked_pumpkin":1,"minecraft:dark_oak_sapling":9,"minecraft:cooked_mutton":6,"minecraft:diorite":12,"minecraft:spruce_door":4,"minecraft:stone_pickaxe":192,"minecraft:baked_potato":10,"intensehorror:hanging_ghost":1,"minecraft:wooden_pickaxe":10,"minecraft:birch_boat":7,"minecraft:spruce_sign":1,"minecraft:spruce_fence_gate":5,"minecraft:sugar_cane":1,"minecraft:diamond_axe":255,"intensehorror:jack_o_scarecrow":1,"minecraft:sand":1,"minecraft:crafting_table":22,"minecraft:white_bed":3,"minecraft:campfire":4,"minecraft:spruce_log":16,"relics:horse_flute":1,"minecraft:diamond_pickaxe":299,"minecraft:oak_button":2,"minecraft:iron_pickaxe":17,"minecraft:spruce_trapdoor":36,"minecraft:spruce_sapling":36,"minecraft:stone_axe":67,"intensehorror:strawberry_candy":5,"minecraft:cobblestone":128,"minecraft:cooked_porkchop":12,"quark:spruce_ladder":11,"minecraft:glass_pane":8,"minecraft:dandelion":2,"minecraft:bone_meal":15},"minecraft:broken":{"minecraft:iron_chestplate":1,"sanitydim:garland":4,"minecraft:stone_pickaxe":1,"minecraft:shield":1},"minecraft:dropped":{"minecraft:spruce_sign":4,"minecraft:wheat_seeds":4,"minecraft:cooked_beef":12,"minecraft:baked_potato":6,"intensehorror:book_of_horror":1,"intensehorror:jack_o_scarecrow":1,"minecraft:dirt":11,"intensehorror:double_jack_o_lantern":8,"minecraft:diorite":1,"minecraft:torch":5,"minecraft:rose_bush":46,"intensehorror:music_disc_night_of_fright":1,"tacz:modern_kinetic_gun":3,"minecraft:sand":20,"minecraft:iron_pickaxe":1,"quark:spruce_ladder":1,"intensehorror:mothman_eyes":2,"minecraft:dandelion":1,"intensehorror:stacked_pumpkin":1,"minecraft:stone_axe":1,"intensehorror:brain_in_a_jar":1,"intensehorror:hanging_skeleton":1,"intensehorror:ectoplasm":30,"minecraft:stone_sword":1,"minecraft:birch_sapling":18,"minecraft:rotten_flesh":2,"shy_guy:disturbing_photo":1,"minecraft:cooked_mutton":14,"intensehorror:hanging_ghost":2,"minecraft:filled_map":2,"minecraft:poppy":4,"minecraft:shield":1,"intensehorror:scarecrow":3,"intensehorror:raw_meat":1,"minecraft:diamond_pickaxe":1,"minecraft:andesite":1,"sanitydim:garland":6,"intensehorror:lunar_tablet":1,"intensehorror:nail":10,"minecraft:arrow":5,"minecraft:stone_pickaxe":1,"minecraft:wooden_pickaxe":2,"intensehorror:hanging_pumpkins":2,"intensehorror:charged_core":1},"minecraft:crafted":{"quark:birch_chest":2,"minecraft:iron_nugget":72,"minecraft:birch_boat":2,"minecraft:cooked_chicken":3,"minecraft:stone":1139,"minecraft:bone_meal":15,"sanitydim:garland":7,"minecraft:spruce_fence":12,"minecraft:white_carpet":3,"minecraft:cooked_mutton":10,"minecraft:glass_pane":16,"minecraft:glass":6,"minecraft:lantern":9,"minecraft:diamond":9,"minecraft:stone_brick_slab":6,"minecraft:spruce_stairs":148,"minecraft:spruce_slab":96,"minecraft:stone_pickaxe":2,"quark:spruce_chest":8,"minecraft:stone_hoe":1,"minecraft:stone_bricks":300,"minecraft:sugar":2,"minecraft:cooked_porkchop":1,"minecraft:diamond_axe":1,"minecraft:crafting_table":4,"minecraft:spruce_planks":612,"tacz:ammo_box":2,"minecraft:wooden_pickaxe":1,"minecraft:baked_potato":16,"minecraft:spruce_door":6,"tacz:gun_smith_table":1,"minecraft:copper_ingot":281,"quark:spruce_ladder":12,"minecraft:birch_planks":96,"minecraft:campfire":4,"minecraft:stone_axe":1,"minecraft:air":0,"minecraft:stone_brick_stairs":8,"minecraft:spruce_trapdoor":30,"tacz:workbench_a":1,"minecraft:iron_chestplate":1,"minecraft:diamond_pickaxe":1,"minecraft:charcoal":23,"minecraft:shield":3,"minecraft:stick":80,"minecraft:gunpowder":3,"minecraft:iron_ingot":87,"minecraft:iron_pickaxe":2,"minecraft:stone_sword":1,"minecraft:iron_block":1,"minecraft:iron_shovel":1,"minecraft:spruce_fence_gate":5,"minecraft:torch":84},"minecraft:custom":{"lootr:looted_stat":4,"minecraft:mob_kills":50,"minecraft:interact_with_crafting_table":96,"minecraft:leave_game":32,"minecraft:time_since_death":7127,"minecraft:climb_one_cm":47599,"minecraft:sprint_one_cm":353654,"minecraft:walk_one_cm":808062,"minecraft:damage_blocked_by_shield":5564,"minecraft:drop":110,"minecraft:play_time":367492,"minecraft:deaths":19,"minecraft:sneak_time":18259,"minecraft:walk_under_water_one_cm":16353,"minecraft:boat_one_cm":82762,"minecraft:interact_with_lectern":1,"minecraft:jump":3532,"minecraft:interact_with_blast_furnace":1,"minecraft:walk_on_water_one_cm":31210,"minecraft:total_world_time":367492,"minecraft:interact_with_furnace":103,"minecraft:sleep_in_bed":5,"minecraft:time_since_rest":7201,"minecraft:damage_taken":15105,"minecraft:damage_dealt":7047,"minecraft:player_kills":2,"minecraft:swim_one_cm":80672,"minecraft:fly_one_cm":515646,"minecraft:open_chest":223,"minecraft:crouch_one_cm":59401,"minecraft:interact_with_smoker":2,"minecraft:fall_one_cm":88863,"minecraft:horse_one_cm":5677},"minecraft:picked_up":{"minecraft:charcoal":13,"minecraft:crafting_table":18,"intensehorror:hanging_ghost":3,"minecraft:ladder":1,"artifacts:night_vision_goggles":1,"minecraft:chicken":3,"intensehorror:lunar_tablet":3,"minecraft:wooden_pickaxe":1,"intensehorror:scarecrow":3,"minecraft:wither_rose":3,"tacz:workbench_a":2,"intensehorror:lemon_candy":8,"intensehorror:hanging_pumpkins":6,"minecraft:string":2,"minecraft:raw_copper":74,"tacz:ammo":420,"intensehorror:jack_o_scarecrow":2,"intensehorror:nail":10,"intensehorror:charged_core":1,"minecraft:spruce_planks":57,"minecraft:rose_bush":46,"minecraft:poppy":55,"intensehorror:double_jack_o_lantern":8,"minecraft:spruce_slab":5,"minecraft:sugar_cane":55,"minecraft:birch_sapling":18,"minecraft:spruce_trapdoor":6,"minecraft:furnace":8,"minecraft:egg":2,"intensehorror:brain_in_a_jar":2,"minecraft:dark_oak_sapling":14,"minecraft:raw_iron":17,"minecraft:stick":48,"intensehorror:ectoplasm":32,"intensehorror:hanging_skeleton":1,"minecraft:copper_ingot":99,"minecraft:torch":23,"minecraft:spruce_stairs":14,"intensehorror:stacked_pumpkin":2,"quark:birch_chest":1,"minecraft:diorite":13,"minecraft:carrot":6,"minecraft:rotten_flesh":2,"minecraft:stone_sword":1,"minecraft:arrow":7,"minecraft:white_wool":2,"minecraft:cobblestone":1856,"minecraft:birch_log":81,"minecraft:feather":6,"minecraft:cooked_beef":14,"minecraft:andesite":1,"minecraft:leather":2,"minecraft:birch_planks":8,"minecraft:potato":22,"minecraft:filled_map":1,"intensehorror:mothman_eyes":2,"minecraft:flint":1,"minecraft:paper":2,"minecraft:gunpowder":3,"intensehorror:candy_bag":3,"sanitydim:garland":3,"minecraft:dirt":144,"minecraft:lantern":1,"minecraft:cooked_mutton":10,"minecraft:bone":6,"minecraft:apple":1,"minecraft:stone_bricks":9,"shy_guy:disturbing_photo":1,"minecraft:wheat_seeds":15,"minecraft:iron_ingot":36,"intensehorror:wall_flags":2,"tacz:gun_smith_table":3,"intensehorror:raw_meat":1,"intensehorror:apple_candy":5,"intensehorror:music_disc_night_of_fright":3,"intensehorror:book_of_horror":1,"minecraft:birch_boat":6,"minecraft:dandelion":9,"minecraft:gravel":10,"minecraft:sand":111,"minecraft:spruce_sapling":39,"minecraft:white_bed":3,"minecraft:spruce_log":222,"minecraft:lily_of_the_valley":22,"minecraft:dark_oak_log":96,"intensehorror:cherry_candy":6,"intensehorror:orange_candy":5,"tacz:modern_kinetic_gun":5,"intensehorror:strawberry_candy":5,"minecraft:spruce_sign":5,"minecraft:oak_button":2,"minecraft:oak_sapling":1,"minecraft:coal":53},"minecraft:killed_by":{"minecraft:player":2,"intensehorror:fritz":1,"intensehorror:freddy_krueger":1,"intensehorror:reaper":1,"intensehorror:deadly_sphere":1,"shy_guy:shy_guy_rage":2},"minecraft:mined":{"minecraft:spruce_planks":58,"minecraft:white_bed":3,"intensehorror:hanging_pumpkins":4,"intensehorror:wall_flags":5,"tacz:workbench_a":1,"minecraft:spruce_trapdoor":6,"minecraft:ladder":2,"minecraft:grass_block":91,"minecraft:spruce_leaves":6,"tacz:gun_smith_table":2,"minecraft:furnace":8,"minecraft:carrots":3,"minecraft:iron_ore":16,"treechop:chopped_log":14,"minecraft:potatoes":3,"minecraft:dirt_path":29,"minecraft:lantern":1,"minecraft:stone":401,"minecraft:spruce_slab":5,"minecraft:tripwire":1,"minecraft:lily_of_the_valley":22,"minecraft:dandelion":9,"minecraft:crafting_table":19,"minecraft:torch":8,"intensehorror:brain_in_a_jar":1,"minecraft:poppy":35,"minecraft:rose_bush":23,"minecraft:campfire":1,"minecraft:cobblestone":33,"minecraft:tall_grass":5,"minecraft:copper_ore":6,"minecraft:sugar_cane":21,"minecraft:diorite":12,"minecraft:spruce_sign":3,"minecraft:wall_torch":15,"minecraft:spruce_stairs":14,"minecraft:birch_planks":5,"minecraft:birch_log":1,"minecraft:spruce_log":1,"intensehorror:stacked_pumpkin":1,"minecraft:grass":123,"quark:birch_chest":1,"minecraft:coal_ore":24,"minecraft:dark_oak_sapling":1,"minecraft:gravel":7,"minecraft:sand":16,"minecraft:dirt":27,"intensehorror:hanging_ghost":1,"minecraft:oak_button":2,"minecraft:red_mushroom_block":3,"minecraft:stone_bricks":9}},"DataVersion":3465}