{"stats":{"minecraft:killed":{"minecraft:cave_spider":1,"minecraft:pig":5,"minecraft:spider":1,"minecraft:creeper":4,"minecraft:skeleton":11,"minecraft:zombie":17,"minecraft:chicken":2,"minecraft:cow":3},"minecraft:used":{"intensehorror:vampire_dagger":17,"minecraft:torch":33,"minecraft:dirt":16,"minecraft:sand":2,"intensehorror:wall_flags":6,"minecraft:white_bed":1,"minecraft:tuff":2,"minecraft:diamond_pickaxe":1266,"minecraft:bread":9,"minecraft:iron_axe":66,"minecraft:iron_pickaxe":370,"minecraft:gravel":1,"intensehorror:hanging_pumpkins":2,"minecraft:cobblestone":29,"minecraft:oak_sapling":6,"minecraft:cooked_porkchop":6,"quark:spruce_ladder":6,"minecraft:cobbled_deepslate":1,"minecraft:egg":2,"minecraft:cooked_beef":8,"intensehorror:brain_in_a_jar":1},"minecraft:broken":{"minecraft:diamond_pickaxe":1,"minecraft:iron_pickaxe":1,"sanitydim:garland":2},"minecraft:dropped":{"minecraft:gravel":4,"minecraft:cobblestone":1432,"minecraft:rotten_flesh":1,"minecraft:dirt":4,"minecraft:iron_pickaxe":1,"intensehorror:cooked_meat":1},"minecraft:crafted":{"minecraft:oak_planks":24,"sophisticatedbackpacks:backpack":1,"minecraft:cooked_porkchop":34,"minecraft:crafting_table":1,"minecraft:spruce_planks":72,"minecraft:copper_ingot":18,"minecraft:stone":64,"sanitydim:garland":1,"minecraft:glass":8,"minecraft:shield":1,"minecraft:iron_axe":1,"minecraft:stick":16,"quark:oak_chest":1,"minecraft:iron_ingot":14,"minecraft:torch":32},"minecraft:custom":{"lootr:looted_stat":6,"minecraft:interact_with_furnace":11,"minecraft:mob_kills":44,"minecraft:interact_with_crafting_table":5,"minecraft:leave_game":6,"minecraft:time_since_death":7404,"minecraft:sleep_in_bed":2,"minecraft:climb_one_cm":10188,"minecraft:time_since_rest":9569,"minecraft:sprint_one_cm":294610,"minecraft:damage_taken":6779,"minecraft:walk_one_cm":490236,"minecraft:drop":31,"minecraft:damage_dealt":3750,"minecraft:damage_dealt_absorbed":80,"minecraft:swim_one_cm":5798,"minecraft:fly_one_cm":189020,"minecraft:open_chest":55,"minecraft:crouch_one_cm":2207,"minecraft:play_time":151702,"minecraft:deaths":13,"minecraft:sneak_time":894,"minecraft:walk_under_water_one_cm":1807,"minecraft:jump":1570,"minecraft:interact_with_blast_furnace":3,"minecraft:walk_on_water_one_cm":8612,"minecraft:total_world_time":151702,"minecraft:interact_with_smoker":4,"minecraft:fall_one_cm":49240},"minecraft:picked_up":{"minecraft:cooked_beef":8,"minecraft:chicken":2,"minecraft:glow_ink_sac":1,"minecraft:leather_leggings":1,"minecraft:leather":2,"quark:spruce_ladder":6,"minecraft:tuff":2,"minecraft:oak_log":6,"minecraft:gunpowder":6,"minecraft:cornflower":1,"intensehorror:hanging_pumpkins":2,"minecraft:string":4,"minecraft:dirt":20,"minecraft:raw_copper":72,"minecraft:bone":9,"minecraft:cobbled_deepslate":6,"minecraft:raw_gold":16,"quark:glow_shroom":1,"minecraft:beef":6,"intensehorror:wall_flags":6,"minecraft:iron_pickaxe":2,"minecraft:spruce_slab":1,"minecraft:egg":2,"intensehorror:brain_in_a_jar":1,"minecraft:raw_iron":15,"intensehorror:ectoplasm":1,"minecraft:torch":9,"minecraft:dandelion":7,"minecraft:gravel":5,"minecraft:porkchop":9,"minecraft:sand":10,"tacz:attachment":1,"intensehorror:cooked_meat":1,"sophisticatedbackpacks:iron_backpack":1,"minecraft:redstone":49,"minecraft:white_bed":1,"intensehorror:broken_letter":2,"minecraft:arrow":11,"minecraft:rotten_flesh":10,"sophisticatedbackpacks:copper_backpack":1,"minecraft:bread":12,"minecraft:oak_sapling":6,"minecraft:coal":20,"minecraft:cobblestone":1536,"minecraft:diamond_pickaxe":1},"minecraft:killed_by":{"intensehorror:mad_professor":1,"minecraft:player":1,"intensehorror:the_possessed":3,"minecraft:zombie":1,"intensehorror:butcher":1,"sanitydim:rotting_stalker":2,"intensehorror:demon":1},"minecraft:mined":{"minecraft:deepslate_redstone_ore":8,"minecraft:tuff":2,"minecraft:white_bed":1,"minecraft:dandelion":7,"minecraft:cornflower":1,"minecraft:grass_block":1,"minecraft:cobblestone":4,"minecraft:copper_ore":20,"minecraft:deepslate_gold_ore":18,"minecraft:wall_torch":6,"minecraft:redstone_ore":3,"minecraft:iron_ore":7,"quark:spruce_ladder":5,"treechop:chopped_log":1,"minecraft:grass":4,"minecraft:coal_ore":18,"minecraft:deepslate_iron_ore":8,"minecraft:gravel":4,"minecraft:sand":10,"minecraft:dirt":4,"minecraft:stone":1530,"minecraft:deepslate":6}},"DataVersion":3465}