{"stats":{"minecraft:killed_by":{"intensehorror:mad_professor":1,"minecraft:player":5,"intensehorror:the_possessed":3,"quark:toretoise":1,"sanitydim:rotting_stalker":3,"intensehorror:demon":1,"minecraft:zombie":2,"intensehorror:butcher":1},"minecraft:used":{"intensehorror:vampire_dagger":17,"sophisticatedbackpacks:iron_backpack":1,"sophisticatedbackpacks:copper_backpack":3,"minecraft:torch":50,"minecraft:dirt":16,"minecraft:white_carpet":1,"intensehorror:wall_flags":6,"minecraft:tuff":2,"minecraft:birch_sapling":4,"minecraft:iron_axe":126,"intensehorror:hanging_pumpkins":2,"minecraft:oak_sapling":6,"minecraft:minecart":11,"minecraft:egg":2,"minecraft:cooked_beef":8,"minecraft:cobbled_deepslate":14,"intensehorror:brain_in_a_jar":1,"minecraft:pointed_dripstone":1,"minecraft:powered_rail":3,"minecraft:baked_potato":14,"quark:forgotten_hat":1,"minecraft:chainmail_helmet":2,"minecraft:spruce_sign":2,"minecraft:sand":2,"minecraft:rail":5,"minecraft:white_bed":1,"intensehorror:killer_knife":40,"minecraft:dripstone_block":1,"quark:cobblestone_vertical_slab":2,"sophisticatedbackpacks:backpack":2,"minecraft:diamond_pickaxe":1266,"minecraft:heavy_weighted_pressure_plate":1,"minecraft:bread":9,"minecraft:iron_pickaxe":664,"minecraft:iron_door":1,"minecraft:gravel":1,"minecraft:pink_petals":2,"minecraft:cobblestone":61,"minecraft:cooked_porkchop":25,"quark:spruce_ladder":6,"minecraft:candle":4},"minecraft:mined":{"minecraft:tuff":2,"minecraft:white_bed":1,"minecraft:deepslate_diamond_ore":1,"minecraft:candle":1,"minecraft:grass_block":1,"sophisticatedbackpacks:iron_backpack":1,"minecraft:redstone_ore":4,"minecraft:cobbled_deepslate":1,"minecraft:iron_ore":89,"treechop:chopped_log":2,"minecraft:deepslate_lapis_ore":10,"minecraft:pointed_dripstone":3,"minecraft:deepslate_iron_ore":69,"minecraft:stone":1536,"sophisticatedbackpacks:backpack":1,"sophisticatedbackpacks:copper_backpack":3,"minecraft:deepslate_redstone_ore":29,"quark:cobblestone_vertical_slab":2,"minecraft:dandelion":7,"minecraft:cornflower":1,"minecraft:torch":5,"minecraft:copper_ore":32,"minecraft:cobblestone":22,"minecraft:deepslate_gold_ore":32,"minecraft:diorite":2,"minecraft:wall_torch":11,"minecraft:spruce_sign":1,"minecraft:deepslate_copper_ore":2,"minecraft:pink_petals":1,"minecraft:powered_rail":1,"quark:spruce_ladder":5,"minecraft:gray_bed":1,"minecraft:white_carpet":1,"minecraft:grass":6,"minecraft:coal_ore":48,"minecraft:gravel":4,"minecraft:sand":10,"minecraft:dirt":4,"minecraft:deepslate":24},"minecraft:killed":{"minecraft:cave_spider":1,"minecraft:spider":1,"quark:forgotten":1,"minecraft:skeleton":18,"minecraft:chicken":2,"artifacts:mimic":2,"minecraft:pig":5,"minecraft:creeper":15,"minecraft:zombie":31,"minecraft:cow":3},"minecraft:broken":{"sanitydim:garland":2,"minecraft:diamond_pickaxe":1,"minecraft:iron_pickaxe":2},"minecraft:picked_up":{"minecraft:iron_chestplate":1,"minecraft:chicken":2,"intensehorror:lunar_tablet":1,"minecraft:leather_leggings":1,"artifacts:bunny_hoppers":1,"quark:spruce_ladder":6,"minecraft:wither_rose":3,"intensehorror:hanging_pumpkins":2,"minecraft:cornflower":1,"minecraft:string":8,"minecraft:raw_copper":118,"minecraft:iron_leggings":1,"minecraft:white_carpet":1,"tacz:ammo":108,"graveyard:corruption":1,"minecraft:candle":4,"minecraft:cobbled_deepslate":25,"minecraft:beef":6,"minecraft:iron_pickaxe":2,"minecraft:spruce_slab":1,"minecraft:minecart":9,"minecraft:birch_sapling":6,"minecraft:iron_boots":1,"minecraft:egg":2,"intensehorror:brain_in_a_jar":1,"minecraft:raw_iron":155,"intensehorror:ectoplasm":7,"minecraft:torch":23,"sophisticatedbackpacks:backpack":1,"minecraft:porkchop":9,"tacz:attachment":1,"intensehorror:cooked_meat":1,"minecraft:pointed_dripstone":3,"minecraft:diorite":2,"minecraft:redstone":172,"portablemobs:basic_capture_cell":1,"minecraft:arrow":23,"minecraft:rotten_flesh":23,"artifacts:running_shoes":2,"sophisticatedbackpacks:copper_backpack":4,"minecraft:cobblestone":1559,"minecraft:rail":1,"minecraft:birch_log":6,"minecraft:pink_petals":2,"minecraft:cooked_beef":8,"minecraft:cherry_planks":1,"minecraft:glow_ink_sac":4,"minecraft:leather":2,"minecraft:tuff":2,"minecraft:oak_log":6,"minecraft:gunpowder":16,"minecraft:lapis_lazuli":70,"minecraft:dirt":20,"minecraft:white_banner":1,"quark:forgotten_hat":1,"tacz:ammo_box":1,"minecraft:bone":21,"minecraft:bow":2,"minecraft:raw_gold":32,"minecraft:iron_ingot":3,"quark:glow_shroom":1,"intensehorror:wall_flags":6,"minecraft:powered_rail":5,"minecraft:gray_bed":1,"intensehorror:raw_meat":1,"intensehorror:killer_knife":1,"minecraft:dandelion":7,"minecraft:dripstone_block":1,"minecraft:gravel":5,"minecraft:sand":10,"sophisticatedbackpacks:iron_backpack":2,"minecraft:white_bed":1,"minecraft:spider_eye":1,"intensehorror:broken_letter":16,"minecraft:diamond":1,"tacz:modern_kinetic_gun":1,"quark:cobblestone_vertical_slab":2,"minecraft:iron_helmet":1,"minecraft:spruce_sign":2,"minecraft:bread":12,"minecraft:oak_sapling":6,"minecraft:coal":49,"minecraft:diamond_pickaxe":1},"minecraft:custom":{"minecraft:interact_with_smithing_table":3,"lootr:looted_stat":13,"minecraft:mob_kills":79,"minecraft:interact_with_crafting_table":26,"minecraft:leave_game":15,"minecraft:time_since_death":34044,"minecraft:climb_one_cm":14661,"minecraft:sprint_one_cm":675682,"minecraft:walk_one_cm":861596,"minecraft:drop":86,"minecraft:damage_dealt_absorbed":80,"minecraft:play_time":306643,"minecraft:deaths":25,"minecraft:sneak_time":3618,"minecraft:walk_under_water_one_cm":2762,"minecraft:jump":3379,"minecraft:interact_with_blast_furnace":20,"minecraft:walk_on_water_one_cm":27828,"minecraft:total_world_time":306643,"minecraft:interact_with_furnace":11,"minecraft:sleep_in_bed":5,"minecraft:time_since_rest":21987,"minecraft:damage_taken":14677,"minecraft:damage_dealt":8186,"minecraft:minecart_one_cm":498762,"minecraft:swim_one_cm":5798,"minecraft:fly_one_cm":425273,"minecraft:player_kills":2,"minecraft:open_chest":151,"minecraft:crouch_one_cm":5044,"minecraft:interact_with_smoker":6,"minecraft:fall_one_cm":148854},"minecraft:crafted":{"minecraft:oak_planks":24,"minecraft:stone":64,"sanitydim:garland":1,"minecraft:heavy_weighted_pressure_plate":1,"minecraft:glass":8,"minecraft:diamond":9,"minecraft:iron_axe":1,"minecraft:iron_door":3,"minecraft:minecart":2,"sophisticatedbackpacks:backpack":1,"minecraft:cooked_porkchop":34,"minecraft:crafting_table":1,"minecraft:spruce_planks":72,"tacz:ammo_box":1,"minecraft:baked_potato":17,"minecraft:copper_ingot":102,"minecraft:diamond_pickaxe":1,"minecraft:shield":1,"minecraft:stick":24,"quark:oak_chest":1,"minecraft:iron_pickaxe":1,"minecraft:iron_ingot":36,"minecraft:torch":40,"minecraft:lapis_lazuli":18},"minecraft:dropped":{"intensehorror:broken_letter":9,"minecraft:cobblestone":1432,"minecraft:rail":14,"minecraft:dirt":4,"tacz:ammo_box":1,"minecraft:torch":2,"minecraft:cherry_planks":1,"tacz:modern_kinetic_gun":1,"minecraft:wither_rose":1,"minecraft:iron_pickaxe":1,"minecraft:redstone":22,"intensehorror:cooked_meat":1,"minecraft:gravel":4,"minecraft:raw_copper":1,"minecraft:rotten_flesh":1,"artifacts:running_shoes":1,"minecraft:leather_leggings":1,"intensehorror:lunar_tablet":1}},"DataVersion":3465}