{"stats":{"minecraft:killed_by":{"intensehorror:mad_professor":1,"minecraft:player":5,"intensehorror:the_possessed":3,"quark:toretoise":1,"sanitydim:rotting_stalker":4,"intensehorror:demon":1,"minecraft:zombie":4,"intensehorror:butcher":1,"shy_guy:shy_guy_rage":2},"minecraft:used":{"intensehorror:vampire_dagger":17,"sophisticatedbackpacks:iron_backpack":3,"minecraft:redstone":1,"sophisticatedbackpacks:copper_backpack":6,"minecraft:torch":78,"minecraft:dirt":16,"minecraft:white_carpet":1,"intensehorror:wall_flags":6,"minecraft:tuff":2,"minecraft:birch_sapling":4,"minecraft:iron_axe":132,"intensehorror:hanging_pumpkins":2,"minecraft:oak_sapling":6,"minecraft:minecart":12,"minecraft:egg":2,"minecraft:cooked_beef":8,"minecraft:cobbled_deepslate":14,"intensehorror:brain_in_a_jar":1,"minecraft:pointed_dripstone":1,"minecraft:powered_rail":3,"minecraft:baked_potato":17,"quark:forgotten_hat":1,"minecraft:chainmail_helmet":2,"minecraft:spruce_sign":2,"minecraft:golden_apple":1,"minecraft:glow_berries":10,"minecraft:sand":2,"minecraft:rail":9,"minecraft:tnt":6,"minecraft:white_bed":1,"intensehorror:killer_knife":187,"minecraft:dripstone_block":1,"quark:cobblestone_vertical_slab":2,"sophisticatedbackpacks:backpack":2,"minecraft:diamond_pickaxe":1500,"minecraft:string":4,"minecraft:heavy_weighted_pressure_plate":1,"minecraft:bread":11,"minecraft:iron_pickaxe":745,"minecraft:iron_door":1,"minecraft:gravel":1,"minecraft:pink_petals":2,"minecraft:cobblestone":107,"minecraft:cooked_porkchop":34,"quark:spruce_ladder":6,"minecraft:yellow_bed":1,"minecraft:candle":4},"minecraft:mined":{"minecraft:diamond_ore":2,"minecraft:tuff":13,"minecraft:white_bed":1,"minecraft:deepslate_diamond_ore":6,"minecraft:candle":1,"minecraft:grass_block":1,"sophisticatedbackpacks:iron_backpack":2,"minecraft:redstone_wire":1,"minecraft:redstone_ore":4,"minecraft:cobbled_deepslate":1,"minecraft:iron_ore":104,"treechop:chopped_log":2,"minecraft:deepslate_lapis_ore":23,"minecraft:rail":33,"minecraft:pointed_dripstone":3,"minecraft:deepslate_iron_ore":128,"minecraft:stone":1536,"sophisticatedbackpacks:backpack":1,"sophisticatedbackpacks:copper_backpack":5,"minecraft:deepslate_redstone_ore":82,"quark:cobblestone_vertical_slab":2,"minecraft:dandelion":7,"minecraft:cornflower":1,"minecraft:torch":9,"minecraft:copper_ore":32,"minecraft:cobblestone":29,"minecraft:deepslate_gold_ore":73,"minecraft:diorite":2,"minecraft:wall_torch":14,"minecraft:spruce_sign":1,"minecraft:deepslate_copper_ore":26,"minecraft:pink_petals":1,"minecraft:powered_rail":1,"quark:spruce_ladder":5,"minecraft:gray_bed":1,"minecraft:white_carpet":1,"minecraft:tnt":4,"minecraft:grass":6,"minecraft:coal_ore":48,"minecraft:gravel":4,"minecraft:sand":10,"minecraft:dirt":4,"minecraft:cobweb":6,"minecraft:deepslate":71},"minecraft:killed":{"minecraft:cave_spider":6,"minecraft:witch":1,"graveyard:skeleton_creeper":1,"minecraft:spider":4,"quark:forgotten":2,"minecraft:skeleton":33,"minecraft:chicken":2,"artifacts:mimic":5,"graveyard:ghoul":1,"minecraft:pig":5,"minecraft:zombie_villager":1,"minecraft:creeper":22,"intensehorror:michael_myers":2,"minecraft:zombie":59,"cave_dweller:cave_dweller":2,"minecraft:cow":3},"minecraft:broken":{"sanitydim:garland":2,"minecraft:diamond_pickaxe":1,"minecraft:iron_axe":1,"minecraft:iron_pickaxe":3},"minecraft:picked_up":{"minecraft:iron_chestplate":1,"minecraft:prismarine_shard":2,"minecraft:chicken":2,"intensehorror:lunar_tablet":1,"minecraft:leather_leggings":1,"minecraft:brown_mushroom":3,"artifacts:bunny_hoppers":1,"quark:spruce_ladder":6,"minecraft:wither_rose":3,"intensehorror:lemon_candy":2,"intensehorror:hanging_pumpkins":4,"minecraft:cornflower":1,"minecraft:string":18,"minecraft:raw_copper":199,"minecraft:netherite_ingot":6,"minecraft:iron_leggings":1,"minecraft:white_carpet":1,"tacz:ammo":108,"intensehorror:nail":3,"graveyard:corruption":1,"minecraft:cartography_table":1,"minecraft:candle":4,"minecraft:cobbled_deepslate":78,"minecraft:beef":6,"minecraft:iron_pickaxe":2,"minecraft:spruce_slab":1,"minecraft:minecart":10,"minecraft:birch_sapling":6,"minecraft:iron_boots":1,"minecraft:egg":2,"intensehorror:brain_in_a_jar":1,"minecraft:raw_iron":218,"intensehorror:ectoplasm":7,"minecraft:torch":31,"sophisticatedbackpacks:backpack":1,"minecraft:porkchop":9,"tacz:attachment":1,"intensehorror:cooked_meat":1,"minecraft:pointed_dripstone":3,"minecraft:diorite":2,"minecraft:redstone":381,"portablemobs:basic_capture_cell":1,"quark:ancient_tome":1,"minecraft:tnt":6,"minecraft:arrow":64,"minecraft:rotten_flesh":81,"artifacts:running_shoes":4,"sophisticatedbackpacks:copper_backpack":6,"minecraft:bone_block":24,"minecraft:cobblestone":1567,"minecraft:rail":31,"minecraft:birch_log":6,"minecraft:pink_petals":2,"minecraft:cooked_beef":8,"minecraft:cherry_planks":1,"minecraft:glow_ink_sac":7,"minecraft:leather":2,"artifacts:thorn_pendant":1,"intensehorror:pitchfork_block":1,"minecraft:tuff":12,"minecraft:oak_log":6,"minecraft:yellow_bed":1,"minecraft:gunpowder":25,"intensehorror:candy_bag":3,"minecraft:lapis_lazuli":153,"minecraft:dirt":64,"minecraft:white_banner":1,"quark:forgotten_hat":2,"tacz:ammo_box":2,"minecraft:bone":51,"minecraft:bow":3,"minecraft:raw_gold":67,"artifacts:whoopee_cushion":2,"minecraft:iron_ingot":4,"quark:glow_shroom":1,"intensehorror:wall_flags":6,"minecraft:powered_rail":5,"minecraft:gray_bed":1,"intensehorror:raw_meat":1,"intensehorror:killer_knife":2,"intensehorror:apple_candy":3,"minecraft:dandelion":7,"minecraft:dripstone_block":1,"minecraft:gravel":5,"minecraft:sand":10,"sophisticatedbackpacks:iron_backpack":3,"minecraft:white_bed":1,"minecraft:spider_eye":5,"intensehorror:broken_letter":16,"intensehorror:cherry_candy":1,"intensehorror:orange_candy":1,"minecraft:diamond":6,"tacz:modern_kinetic_gun":2,"quark:cobblestone_vertical_slab":2,"minecraft:iron_helmet":1,"minecraft:golden_apple":1,"minecraft:spruce_sign":2,"minecraft:bread":12,"minecraft:oak_sapling":6,"minecraft:coal":111,"minecraft:diamond_pickaxe":1},"minecraft:custom":{"minecraft:interact_with_smithing_table":5,"lootr:looted_stat":36,"minecraft:mob_kills":153,"minecraft:interact_with_crafting_table":26,"minecraft:leave_game":15,"minecraft:time_since_death":15854,"minecraft:climb_one_cm":18074,"minecraft:sprint_one_cm":1198103,"minecraft:walk_one_cm":1109373,"minecraft:drop":98,"minecraft:damage_dealt_absorbed":80,"minecraft:play_time":384643,"minecraft:deaths":39,"minecraft:sneak_time":4985,"minecraft:walk_under_water_one_cm":5789,"minecraft:jump":4758,"minecraft:interact_with_blast_furnace":21,"minecraft:walk_on_water_one_cm":43677,"minecraft:total_world_time":384643,"minecraft:interact_with_furnace":17,"minecraft:sleep_in_bed":6,"minecraft:time_since_rest":15867,"minecraft:damage_taken":19757,"minecraft:damage_absorbed":40,"minecraft:damage_dealt":15548,"minecraft:minecart_one_cm":499619,"minecraft:swim_one_cm":15279,"minecraft:fly_one_cm":684482,"minecraft:player_kills":2,"minecraft:open_chest":160,"minecraft:crouch_one_cm":7559,"minecraft:interact_with_smoker":6,"minecraft:fall_one_cm":249497},"minecraft:crafted":{"minecraft:oak_planks":24,"minecraft:stone":64,"sanitydim:garland":1,"minecraft:heavy_weighted_pressure_plate":1,"minecraft:glass":8,"minecraft:diamond":9,"minecraft:iron_axe":1,"minecraft:iron_door":3,"minecraft:minecart":2,"sophisticatedbackpacks:backpack":1,"minecraft:cooked_porkchop":34,"minecraft:crafting_table":1,"minecraft:spruce_planks":72,"tacz:ammo_box":1,"minecraft:baked_potato":17,"minecraft:copper_ingot":102,"minecraft:diamond_pickaxe":1,"minecraft:shield":1,"minecraft:stick":24,"quark:oak_chest":1,"minecraft:iron_pickaxe":1,"minecraft:iron_ingot":36,"minecraft:torch":40,"minecraft:lapis_lazuli":18},"minecraft:dropped":{"intensehorror:broken_letter":9,"intensehorror:killer_knife":1,"minecraft:prismarine_shard":1,"minecraft:cobblestone":1432,"artifacts:whoopee_cushion":1,"minecraft:rail":14,"minecraft:dirt":4,"tacz:ammo_box":2,"minecraft:torch":2,"minecraft:cherry_planks":1,"tacz:modern_kinetic_gun":2,"minecraft:wither_rose":1,"minecraft:iron_pickaxe":1,"minecraft:redstone":22,"intensehorror:cooked_meat":1,"minecraft:gravel":4,"minecraft:netherite_ingot":3,"minecraft:raw_copper":1,"minecraft:rotten_flesh":1,"artifacts:running_shoes":3,"minecraft:diamond_pickaxe":1,"minecraft:leather_leggings":1,"minecraft:spider_eye":1,"intensehorror:lunar_tablet":1}},"DataVersion":3465}