{"stats":{"minecraft:killed":{"minecraft:cave_spider":1,"minecraft:pig":5,"minecraft:spider":1,"minecraft:creeper":6,"quark:forgotten":1,"minecraft:skeleton":11,"minecraft:zombie":20,"minecraft:chicken":2,"minecraft:cow":3},"minecraft:used":{"intensehorror:vampire_dagger":17,"minecraft:torch":36,"minecraft:dirt":16,"minecraft:sand":2,"minecraft:rail":4,"intensehorror:wall_flags":6,"minecraft:white_bed":1,"minecraft:tuff":2,"sophisticatedbackpacks:backpack":1,"minecraft:diamond_pickaxe":1266,"minecraft:bread":9,"minecraft:iron_pickaxe":397,"minecraft:iron_axe":85,"minecraft:gravel":1,"intensehorror:hanging_pumpkins":2,"minecraft:cobblestone":29,"minecraft:oak_sapling":6,"minecraft:cooked_porkchop":18,"quark:spruce_ladder":6,"minecraft:minecart":2,"minecraft:cooked_beef":8,"minecraft:cobbled_deepslate":9,"minecraft:egg":2,"intensehorror:brain_in_a_jar":1},"minecraft:broken":{"minecraft:diamond_pickaxe":1,"minecraft:iron_pickaxe":1,"sanitydim:garland":2},"minecraft:dropped":{"minecraft:gravel":4,"minecraft:cobblestone":1432,"minecraft:rotten_flesh":1,"minecraft:rail":14,"minecraft:dirt":4,"minecraft:leather_leggings":1,"minecraft:iron_pickaxe":1,"intensehorror:cooked_meat":1},"minecraft:crafted":{"minecraft:oak_planks":24,"sophisticatedbackpacks:backpack":1,"minecraft:cooked_porkchop":34,"minecraft:crafting_table":1,"minecraft:spruce_planks":72,"minecraft:copper_ingot":18,"minecraft:stone":64,"sanitydim:garland":1,"minecraft:glass":8,"minecraft:shield":1,"minecraft:iron_axe":1,"minecraft:stick":16,"quark:oak_chest":1,"minecraft:iron_ingot":36,"minecraft:torch":32,"minecraft:minecart":1},"minecraft:custom":{"minecraft:interact_with_smithing_table":3,"minecraft:interact_with_furnace":11,"lootr:looted_stat":6,"minecraft:mob_kills":50,"minecraft:interact_with_crafting_table":6,"minecraft:leave_game":12,"minecraft:time_since_death":2499,"minecraft:sleep_in_bed":2,"minecraft:climb_one_cm":11128,"minecraft:time_since_rest":2528,"minecraft:sprint_one_cm":360611,"minecraft:damage_taken":8648,"minecraft:walk_one_cm":569314,"minecraft:minecart_one_cm":8059,"minecraft:drop":46,"minecraft:damage_dealt":4290,"minecraft:player_kills":1,"minecraft:damage_dealt_absorbed":80,"minecraft:swim_one_cm":5798,"minecraft:fly_one_cm":220854,"minecraft:open_chest":57,"minecraft:crouch_one_cm":2585,"minecraft:play_time":176235,"minecraft:deaths":15,"minecraft:sneak_time":1070,"minecraft:walk_under_water_one_cm":1807,"minecraft:jump":1907,"minecraft:interact_with_blast_furnace":14,"minecraft:walk_on_water_one_cm":16929,"minecraft:total_world_time":176235,"minecraft:interact_with_smoker":4,"minecraft:fall_one_cm":60633},"minecraft:picked_up":{"minecraft:cooked_beef":8,"minecraft:chicken":2,"minecraft:glow_ink_sac":1,"minecraft:leather_leggings":1,"minecraft:leather":2,"artifacts:bunny_hoppers":1,"quark:spruce_ladder":6,"minecraft:wither_rose":1,"minecraft:tuff":2,"minecraft:oak_log":6,"minecraft:gunpowder":8,"minecraft:cornflower":1,"minecraft:dirt":20,"intensehorror:hanging_pumpkins":2,"minecraft:lapis_lazuli":5,"minecraft:string":5,"minecraft:white_banner":1,"minecraft:raw_copper":72,"quark:forgotten_hat":1,"minecraft:bone":11,"minecraft:bow":1,"minecraft:cobbled_deepslate":13,"minecraft:raw_gold":19,"quark:glow_shroom":1,"minecraft:beef":6,"minecraft:minecart":2,"intensehorror:wall_flags":6,"minecraft:iron_pickaxe":2,"minecraft:spruce_slab":1,"minecraft:birch_sapling":2,"minecraft:egg":2,"intensehorror:brain_in_a_jar":1,"minecraft:raw_iron":27,"intensehorror:ectoplasm":1,"minecraft:torch":9,"minecraft:dandelion":7,"sophisticatedbackpacks:backpack":1,"minecraft:gravel":5,"minecraft:porkchop":9,"minecraft:sand":10,"tacz:attachment":1,"intensehorror:cooked_meat":1,"sophisticatedbackpacks:iron_backpack":1,"minecraft:white_bed":1,"minecraft:redstone":65,"intensehorror:broken_letter":2,"portablemobs:basic_capture_cell":1,"minecraft:arrow":17,"minecraft:rotten_flesh":11,"minecraft:diamond":1,"minecraft:spruce_sign":1,"minecraft:bread":12,"sophisticatedbackpacks:copper_backpack":1,"minecraft:oak_sapling":6,"minecraft:coal":20,"minecraft:cobblestone":1536,"minecraft:diamond_pickaxe":1},"minecraft:killed_by":{"intensehorror:mad_professor":1,"minecraft:player":2,"intensehorror:the_possessed":3,"minecraft:zombie":1,"intensehorror:butcher":1,"sanitydim:rotting_stalker":2,"intensehorror:demon":1},"minecraft:mined":{"minecraft:deepslate_redstone_ore":11,"minecraft:tuff":2,"minecraft:white_bed":1,"minecraft:deepslate_diamond_ore":1,"minecraft:dandelion":7,"minecraft:cornflower":1,"minecraft:grass_block":1,"minecraft:cobblestone":4,"minecraft:copper_ore":20,"minecraft:deepslate_gold_ore":19,"minecraft:wall_torch":6,"minecraft:redstone_ore":3,"minecraft:iron_ore":7,"minecraft:cobbled_deepslate":1,"quark:spruce_ladder":5,"treechop:chopped_log":1,"minecraft:grass":6,"minecraft:coal_ore":18,"minecraft:deepslate_iron_ore":20,"minecraft:gravel":4,"minecraft:sand":10,"minecraft:dirt":4,"minecraft:stone":1530,"sophisticatedbackpacks:backpack":1,"minecraft:deepslate":12}},"DataVersion":3465}