{"stats":{"minecraft:killed":{"minecraft:cave_spider":1,"minecraft:spider":1,"quark:forgotten":1,"minecraft:skeleton":11,"minecraft:chicken":2,"minecraft:pig":5,"minecraft:creeper":6,"minecraft:zombie":20,"minecraft:cow":3},"minecraft:used":{"intensehorror:vampire_dagger":17,"minecraft:torch":39,"minecraft:dirt":16,"intensehorror:wall_flags":6,"minecraft:tuff":2,"minecraft:iron_axe":92,"intensehorror:hanging_pumpkins":2,"minecraft:oak_sapling":6,"minecraft:minecart":11,"minecraft:egg":2,"minecraft:cooked_beef":8,"intensehorror:brain_in_a_jar":1,"minecraft:cobbled_deepslate":13,"minecraft:powered_rail":3,"quark:forgotten_hat":1,"minecraft:chainmail_helmet":1,"minecraft:spruce_sign":1,"minecraft:sand":2,"minecraft:rail":5,"minecraft:white_bed":1,"quark:cobblestone_vertical_slab":2,"sophisticatedbackpacks:backpack":2,"minecraft:diamond_pickaxe":1266,"minecraft:bread":9,"minecraft:iron_pickaxe":400,"minecraft:gravel":1,"minecraft:pink_petals":2,"minecraft:cobblestone":29,"minecraft:cooked_porkchop":21,"quark:spruce_ladder":6},"minecraft:broken":{"sanitydim:garland":2,"minecraft:diamond_pickaxe":1,"minecraft:iron_pickaxe":1},"minecraft:dropped":{"minecraft:cobblestone":1432,"minecraft:rail":14,"minecraft:dirt":4,"minecraft:iron_pickaxe":1,"minecraft:redstone":22,"intensehorror:cooked_meat":1,"minecraft:gravel":4,"minecraft:rotten_flesh":1,"minecraft:leather_leggings":1},"minecraft:crafted":{"minecraft:oak_planks":24,"minecraft:stone":64,"sanitydim:garland":1,"minecraft:glass":8,"minecraft:iron_axe":1,"minecraft:minecart":2,"sophisticatedbackpacks:backpack":1,"minecraft:cooked_porkchop":34,"minecraft:crafting_table":1,"minecraft:spruce_planks":72,"minecraft:copper_ingot":18,"minecraft:shield":1,"minecraft:stick":16,"quark:oak_chest":1,"minecraft:iron_ingot":36,"minecraft:torch":32},"minecraft:custom":{"minecraft:interact_with_smithing_table":3,"lootr:looted_stat":6,"minecraft:mob_kills":50,"minecraft:interact_with_crafting_table":7,"minecraft:leave_game":14,"minecraft:time_since_death":2232,"minecraft:climb_one_cm":13527,"minecraft:sprint_one_cm":386943,"minecraft:walk_one_cm":624370,"minecraft:drop":68,"minecraft:damage_dealt_absorbed":80,"minecraft:play_time":194402,"minecraft:deaths":17,"minecraft:sneak_time":1112,"minecraft:walk_under_water_one_cm":1807,"minecraft:jump":2123,"minecraft:interact_with_blast_furnace":14,"minecraft:walk_on_water_one_cm":17630,"minecraft:total_world_time":194402,"minecraft:interact_with_furnace":11,"minecraft:sleep_in_bed":2,"minecraft:time_since_rest":2268,"minecraft:damage_taken":9236,"minecraft:damage_dealt":4361,"minecraft:minecart_one_cm":498762,"minecraft:swim_one_cm":5798,"minecraft:fly_one_cm":230567,"minecraft:player_kills":1,"minecraft:open_chest":73,"minecraft:crouch_one_cm":2607,"minecraft:interact_with_smoker":4,"minecraft:fall_one_cm":64069},"minecraft:picked_up":{"minecraft:chicken":2,"minecraft:leather_leggings":1,"artifacts:bunny_hoppers":1,"quark:spruce_ladder":6,"minecraft:wither_rose":1,"intensehorror:hanging_pumpkins":2,"minecraft:cornflower":1,"minecraft:string":5,"minecraft:raw_copper":72,"minecraft:cobbled_deepslate":13,"minecraft:beef":6,"minecraft:iron_pickaxe":2,"minecraft:spruce_slab":1,"minecraft:minecart":9,"minecraft:birch_sapling":2,"minecraft:egg":2,"intensehorror:brain_in_a_jar":1,"minecraft:raw_iron":27,"intensehorror:ectoplasm":1,"minecraft:torch":10,"sophisticatedbackpacks:backpack":1,"minecraft:porkchop":9,"tacz:attachment":1,"intensehorror:cooked_meat":1,"minecraft:redstone":86,"portablemobs:basic_capture_cell":1,"minecraft:arrow":17,"minecraft:rotten_flesh":11,"sophisticatedbackpacks:copper_backpack":1,"minecraft:cobblestone":1536,"minecraft:rail":1,"minecraft:pink_petals":2,"minecraft:cooked_beef":8,"minecraft:glow_ink_sac":1,"minecraft:leather":2,"minecraft:oak_log":6,"minecraft:tuff":2,"minecraft:gunpowder":8,"minecraft:lapis_lazuli":5,"minecraft:dirt":20,"minecraft:white_banner":1,"quark:forgotten_hat":1,"minecraft:bone":11,"minecraft:bow":1,"minecraft:raw_gold":19,"quark:glow_shroom":1,"intensehorror:wall_flags":6,"minecraft:powered_rail":5,"minecraft:dandelion":7,"minecraft:gravel":5,"minecraft:sand":10,"sophisticatedbackpacks:iron_backpack":1,"minecraft:white_bed":1,"intensehorror:broken_letter":2,"minecraft:diamond":1,"quark:cobblestone_vertical_slab":2,"minecraft:spruce_sign":2,"minecraft:bread":12,"minecraft:oak_sapling":6,"minecraft:coal":20,"minecraft:diamond_pickaxe":1},"minecraft:killed_by":{"minecraft:player":2,"intensehorror:mad_professor":1,"intensehorror:the_possessed":3,"sanitydim:rotting_stalker":2,"intensehorror:demon":1,"minecraft:zombie":1,"intensehorror:butcher":1},"minecraft:mined":{"minecraft:tuff":2,"minecraft:white_bed":1,"minecraft:deepslate_diamond_ore":1,"minecraft:grass_block":1,"minecraft:redstone_ore":3,"minecraft:iron_ore":7,"minecraft:cobbled_deepslate":1,"treechop:chopped_log":1,"minecraft:deepslate_iron_ore":20,"sophisticatedbackpacks:backpack":1,"minecraft:stone":1530,"minecraft:deepslate_redstone_ore":11,"quark:cobblestone_vertical_slab":2,"minecraft:dandelion":7,"minecraft:cornflower":1,"minecraft:torch":1,"minecraft:copper_ore":20,"minecraft:cobblestone":4,"minecraft:deepslate_gold_ore":19,"minecraft:wall_torch":6,"minecraft:spruce_sign":1,"minecraft:pink_petals":1,"minecraft:powered_rail":1,"quark:spruce_ladder":5,"minecraft:grass":6,"minecraft:coal_ore":18,"minecraft:gravel":4,"minecraft:sand":10,"minecraft:dirt":4,"minecraft:deepslate":12}},"DataVersion":3465}