{"stats":{"minecraft:killed_by":{"intensehorror:mad_professor":1,"minecraft:player":5,"intensehorror:the_possessed":3,"quark:toretoise":1,"sanitydim:rotting_stalker":4,"intensehorror:demon":1,"minecraft:zombie":4,"intensehorror:butcher":1},"minecraft:used":{"intensehorror:vampire_dagger":17,"sophisticatedbackpacks:iron_backpack":1,"sophisticatedbackpacks:copper_backpack":5,"minecraft:torch":62,"minecraft:dirt":16,"minecraft:white_carpet":1,"intensehorror:wall_flags":6,"minecraft:tuff":2,"minecraft:birch_sapling":4,"minecraft:iron_axe":129,"intensehorror:hanging_pumpkins":2,"minecraft:oak_sapling":6,"minecraft:minecart":12,"minecraft:egg":2,"minecraft:cooked_beef":8,"minecraft:cobbled_deepslate":14,"intensehorror:brain_in_a_jar":1,"minecraft:pointed_dripstone":1,"minecraft:powered_rail":3,"minecraft:baked_potato":17,"quark:forgotten_hat":1,"minecraft:chainmail_helmet":2,"minecraft:spruce_sign":2,"minecraft:sand":2,"minecraft:rail":9,"minecraft:white_bed":1,"intensehorror:killer_knife":99,"minecraft:dripstone_block":1,"quark:cobblestone_vertical_slab":2,"sophisticatedbackpacks:backpack":2,"minecraft:diamond_pickaxe":1384,"minecraft:string":4,"minecraft:heavy_weighted_pressure_plate":1,"minecraft:bread":9,"minecraft:iron_pickaxe":745,"minecraft:iron_door":1,"minecraft:gravel":1,"minecraft:pink_petals":2,"minecraft:cobblestone":92,"minecraft:cooked_porkchop":33,"quark:spruce_ladder":6,"minecraft:candle":4},"minecraft:mined":{"minecraft:diamond_ore":2,"minecraft:tuff":9,"minecraft:white_bed":1,"minecraft:deepslate_diamond_ore":4,"minecraft:candle":1,"minecraft:grass_block":1,"sophisticatedbackpacks:iron_backpack":1,"minecraft:redstone_ore":4,"minecraft:cobbled_deepslate":1,"minecraft:iron_ore":104,"treechop:chopped_log":2,"minecraft:deepslate_lapis_ore":22,"minecraft:rail":9,"minecraft:pointed_dripstone":3,"minecraft:deepslate_iron_ore":112,"minecraft:stone":1536,"sophisticatedbackpacks:backpack":1,"sophisticatedbackpacks:copper_backpack":5,"minecraft:deepslate_redstone_ore":44,"quark:cobblestone_vertical_slab":2,"minecraft:dandelion":7,"minecraft:cornflower":1,"minecraft:torch":8,"minecraft:copper_ore":32,"minecraft:cobblestone":29,"minecraft:deepslate_gold_ore":55,"minecraft:diorite":2,"minecraft:wall_torch":13,"minecraft:spruce_sign":1,"minecraft:deepslate_copper_ore":26,"minecraft:pink_petals":1,"minecraft:powered_rail":1,"quark:spruce_ladder":5,"minecraft:gray_bed":1,"minecraft:white_carpet":1,"minecraft:grass":6,"minecraft:coal_ore":48,"minecraft:gravel":4,"minecraft:sand":10,"minecraft:dirt":4,"minecraft:deepslate":60},"minecraft:killed":{"minecraft:cave_spider":3,"minecraft:witch":1,"minecraft:spider":2,"quark:forgotten":1,"minecraft:skeleton":22,"minecraft:chicken":2,"artifacts:mimic":4,"graveyard:ghoul":1,"minecraft:pig":5,"minecraft:creeper":19,"intensehorror:michael_myers":2,"minecraft:zombie":39,"cave_dweller:cave_dweller":1,"minecraft:cow":3},"minecraft:broken":{"sanitydim:garland":2,"minecraft:diamond_pickaxe":1,"minecraft:iron_pickaxe":3},"minecraft:picked_up":{"minecraft:iron_chestplate":1,"minecraft:chicken":2,"intensehorror:lunar_tablet":1,"minecraft:leather_leggings":1,"minecraft:brown_mushroom":3,"artifacts:bunny_hoppers":1,"quark:spruce_ladder":6,"minecraft:wither_rose":3,"intensehorror:lemon_candy":2,"intensehorror:hanging_pumpkins":4,"minecraft:cornflower":1,"minecraft:string":9,"minecraft:raw_copper":199,"minecraft:iron_leggings":1,"minecraft:white_carpet":1,"tacz:ammo":108,"intensehorror:nail":3,"graveyard:corruption":1,"minecraft:candle":4,"minecraft:cobbled_deepslate":64,"minecraft:beef":6,"minecraft:iron_pickaxe":2,"minecraft:spruce_slab":1,"minecraft:minecart":10,"minecraft:birch_sapling":6,"minecraft:iron_boots":1,"minecraft:egg":2,"intensehorror:brain_in_a_jar":1,"minecraft:raw_iron":210,"intensehorror:ectoplasm":7,"minecraft:torch":29,"sophisticatedbackpacks:backpack":1,"minecraft:porkchop":9,"tacz:attachment":1,"intensehorror:cooked_meat":1,"minecraft:pointed_dripstone":3,"minecraft:diorite":2,"minecraft:redstone":240,"portablemobs:basic_capture_cell":1,"minecraft:arrow":39,"minecraft:rotten_flesh":61,"artifacts:running_shoes":4,"sophisticatedbackpacks:copper_backpack":6,"minecraft:bone_block":10,"minecraft:cobblestone":1567,"minecraft:rail":10,"minecraft:birch_log":6,"minecraft:pink_petals":2,"minecraft:cooked_beef":8,"minecraft:cherry_planks":1,"minecraft:glow_ink_sac":7,"minecraft:leather":2,"artifacts:thorn_pendant":1,"intensehorror:pitchfork_block":1,"minecraft:tuff":9,"minecraft:oak_log":6,"minecraft:gunpowder":19,"intensehorror:candy_bag":3,"minecraft:lapis_lazuli":140,"minecraft:dirt":64,"minecraft:white_banner":1,"quark:forgotten_hat":1,"tacz:ammo_box":1,"minecraft:bone":28,"minecraft:bow":2,"minecraft:raw_gold":53,"artifacts:whoopee_cushion":2,"minecraft:iron_ingot":4,"quark:glow_shroom":1,"intensehorror:wall_flags":6,"minecraft:powered_rail":5,"minecraft:gray_bed":1,"intensehorror:raw_meat":1,"intensehorror:killer_knife":1,"intensehorror:apple_candy":3,"minecraft:dandelion":7,"minecraft:dripstone_block":1,"minecraft:gravel":5,"minecraft:sand":10,"sophisticatedbackpacks:iron_backpack":2,"minecraft:white_bed":1,"minecraft:spider_eye":2,"intensehorror:broken_letter":16,"intensehorror:cherry_candy":1,"intensehorror:orange_candy":1,"minecraft:diamond":5,"tacz:modern_kinetic_gun":1,"quark:cobblestone_vertical_slab":2,"minecraft:iron_helmet":1,"minecraft:golden_apple":1,"minecraft:spruce_sign":2,"minecraft:bread":12,"minecraft:oak_sapling":6,"minecraft:coal":91,"minecraft:diamond_pickaxe":1},"minecraft:custom":{"minecraft:interact_with_smithing_table":5,"lootr:looted_stat":31,"minecraft:mob_kills":107,"minecraft:interact_with_crafting_table":26,"minecraft:leave_game":15,"minecraft:time_since_death":27994,"minecraft:climb_one_cm":15544,"minecraft:sprint_one_cm":1002934,"minecraft:walk_one_cm":967236,"minecraft:drop":89,"minecraft:damage_dealt_absorbed":80,"minecraft:play_time":348643,"minecraft:deaths":35,"minecraft:sneak_time":4395,"minecraft:walk_under_water_one_cm":5185,"minecraft:jump":4147,"minecraft:interact_with_blast_furnace":20,"minecraft:walk_on_water_one_cm":36323,"minecraft:total_world_time":348643,"minecraft:interact_with_furnace":17,"minecraft:sleep_in_bed":6,"minecraft:time_since_rest":10743,"minecraft:damage_taken":18292,"minecraft:damage_dealt":11644,"minecraft:minecart_one_cm":499619,"minecraft:swim_one_cm":15279,"minecraft:fly_one_cm":572132,"minecraft:player_kills":2,"minecraft:open_chest":151,"minecraft:crouch_one_cm":5981,"minecraft:interact_with_smoker":6,"minecraft:fall_one_cm":213722},"minecraft:crafted":{"minecraft:oak_planks":24,"minecraft:stone":64,"sanitydim:garland":1,"minecraft:heavy_weighted_pressure_plate":1,"minecraft:glass":8,"minecraft:diamond":9,"minecraft:iron_axe":1,"minecraft:iron_door":3,"minecraft:minecart":2,"sophisticatedbackpacks:backpack":1,"minecraft:cooked_porkchop":34,"minecraft:crafting_table":1,"minecraft:spruce_planks":72,"tacz:ammo_box":1,"minecraft:baked_potato":17,"minecraft:copper_ingot":102,"minecraft:diamond_pickaxe":1,"minecraft:shield":1,"minecraft:stick":24,"quark:oak_chest":1,"minecraft:iron_pickaxe":1,"minecraft:iron_ingot":36,"minecraft:torch":40,"minecraft:lapis_lazuli":18},"minecraft:dropped":{"intensehorror:broken_letter":9,"minecraft:cobblestone":1432,"artifacts:whoopee_cushion":1,"minecraft:rail":14,"minecraft:dirt":4,"tacz:ammo_box":1,"minecraft:torch":2,"minecraft:cherry_planks":1,"tacz:modern_kinetic_gun":1,"minecraft:wither_rose":1,"minecraft:iron_pickaxe":1,"minecraft:redstone":22,"intensehorror:cooked_meat":1,"minecraft:gravel":4,"minecraft:raw_copper":1,"minecraft:rotten_flesh":1,"artifacts:running_shoes":3,"minecraft:leather_leggings":1,"intensehorror:lunar_tablet":1}},"DataVersion":3465}