{"stats":{"minecraft:custom":{"lootr:looted_stat":12,"minecraft:interact_with_anvil":1,"minecraft:mob_kills":7,"minecraft:interact_with_crafting_table":23,"minecraft:leave_game":5,"minecraft:time_since_death":8707,"minecraft:climb_one_cm":13987,"minecraft:sprint_one_cm":259906,"minecraft:walk_one_cm":682833,"minecraft:drop":30,"minecraft:talked_to_villager":1,"minecraft:play_time":195861,"minecraft:deaths":30,"minecraft:sneak_time":5474,"minecraft:walk_under_water_one_cm":61754,"minecraft:boat_one_cm":41174,"minecraft:jump":2690,"minecraft:walk_on_water_one_cm":73780,"minecraft:total_world_time":195861,"minecraft:interact_with_furnace":26,"minecraft:sleep_in_bed":5,"minecraft:time_since_rest":8748,"minecraft:damage_taken":14360,"minecraft:damage_dealt":3242,"minecraft:swim_one_cm":117148,"minecraft:fly_one_cm":316076,"minecraft:player_kills":1,"minecraft:open_chest":19,"minecraft:crouch_one_cm":11646,"minecraft:fall_one_cm":111069},"minecraft:picked_up":{"minecraft:wooden_axe":3,"minecraft:iron_chestplate":1,"minecraft:crafting_table":8,"minecraft:azure_bluet":2,"artifacts:bunny_hoppers":2,"intensehorror:vampire_dagger":1,"minecraft:gold_block":4,"intensehorror:hanging_pumpkins":2,"minecraft:cornflower":1,"intensehorror:lemon_candy":1,"relics:leather_belt":1,"minecraft:raw_copper":69,"minecraft:cobbled_deepslate":2,"minecraft:beef":1,"intensehorror:double_jack_o_lantern":4,"minecraft:birch_sapling":32,"minecraft:iron_boots":1,"minecraft:furnace":1,"minecraft:stick":25,"minecraft:raw_iron":68,"minecraft:oak_door":1,"minecraft:torch":25,"minecraft:porkchop":3,"minecraft:diorite":9,"minecraft:arrow":4,"minecraft:rotten_flesh":8,"intensehorror:toxic_flask":1,"minecraft:oxeye_daisy":1,"minecraft:cobblestone":117,"minecraft:birch_log":101,"minecraft:cooked_beef":19,"minecraft:andesite":2,"minecraft:leather":2,"intensehorror:double_pumpkin":2,"minecraft:potato":15,"minecraft:birch_planks":51,"minecraft:flint":1,"minecraft:oak_log":5,"minecraft:gunpowder":2,"intensehorror:candy_bag":1,"sanitydim:garland":1,"minecraft:dirt":53,"minecraft:paper":1,"minecraft:bone":8,"minecraft:apple":1,"minecraft:wheat_seeds":2,"intensehorror:black_cat":1,"minecraft:iron_ingot":13,"minecraft:stone_pickaxe":1,"minecraft:cooked_chicken":1,"intensehorror:wall_flags":3,"intensehorror:apple_candy":1,"minecraft:smooth_basalt":1,"intensehorror:music_disc_night_of_fright":1,"minecraft:dandelion":13,"minecraft:sand":8,"minecraft:amethyst_shard":6,"intensehorror:hanging_pumpkin_lights":4,"intensehorror:broken_letter":1,"intensehorror:cherry_candy":1,"intensehorror:orange_candy":3,"intensehorror:strawberry_candy":2,"tacz:modern_kinetic_gun":3,"minecraft:bread":12,"minecraft:oak_sapling":2,"minecraft:coal":45},"minecraft:killed_by":{"minecraft:player":2,"intensehorror:severed_hand":1,"intensehorror:swamp_thing":1,"intensehorror:the_possessed":1,"intensehorror:ghostface":2,"intensehorror:demon":1,"intensehorror:freddy_krueger":1,"sanitydim:sneaking_terror":3,"intensehorror:vampire_bat":1,"intensehorror:mummy":1,"intensehorror:vampire":1,"intensehorror:michael_myers":1,"shy_guy:shy_guy_rage":5},"minecraft:dropped":{"minecraft:bread":1,"minecraft:wheat_seeds":1,"minecraft:cobblestone":7,"minecraft:dirt":1,"minecraft:torch":1,"minecraft:wooden_axe":3,"tacz:modern_kinetic_gun":1,"minecraft:sand":3,"artifacts:bunny_hoppers":1,"minecraft:birch_sapling":1,"minecraft:raw_iron":5,"minecraft:rotten_flesh":1,"minecraft:oak_sapling":4},"minecraft:broken":{"sanitydim:garland":2,"minecraft:stone_pickaxe":1,"minecraft:stone_axe":1},"minecraft:mined":{"minecraft:large_amethyst_bud":1,"minecraft:budding_amethyst":3,"minecraft:grass_block":5,"minecraft:oxeye_daisy":1,"minecraft:furnace":1,"minecraft:iron_ore":61,"minecraft:andesite":2,"treechop:chopped_log":16,"minecraft:azure_bluet":2,"minecraft:dirt_path":1,"minecraft:deepslate_iron_ore":8,"minecraft:small_amethyst_bud":1,"minecraft:stone":99,"minecraft:amethyst_cluster":3,"minecraft:dandelion":15,"minecraft:torch":8,"minecraft:crafting_table":7,"minecraft:cornflower":1,"minecraft:calcite":1,"minecraft:campfire":1,"minecraft:tall_grass":1,"minecraft:copper_ore":23,"minecraft:cobblestone":15,"minecraft:diorite":10,"minecraft:wall_torch":7,"minecraft:amethyst_block":1,"minecraft:birch_planks":25,"minecraft:birch_log":2,"minecraft:grass":9,"minecraft:coal_ore":45,"minecraft:dirt":39,"minecraft:smooth_basalt":1,"minecraft:deepslate":2},"minecraft:killed":{"minecraft:skeleton":1,"minecraft:pig":1,"minecraft:creeper":1,"minecraft:zombie":1,"endofherobrine:cow":1,"minecraft:cow":1},"minecraft:crafted":{"minecraft:birch_boat":1,"minecraft:furnace":3,"quark:birch_ladder":22,"sanitydim:garland":2,"minecraft:iron_axe":1,"minecraft:stone_pickaxe":2,"minecraft:birch_door":3,"minecraft:crafting_table":3,"minecraft:wooden_pickaxe":1,"minecraft:cooked_salmon":4,"minecraft:birch_planks":308,"minecraft:stone_axe":2,"minecraft:stick":48,"minecraft:iron_ingot":22,"minecraft:wooden_axe":1,"minecraft:torch":24},"minecraft:used":{"intensehorror:hanging_pumpkin_lights":2,"intensehorror:orange_candy":3,"minecraft:cooked_salmon":4,"minecraft:cooked_chicken":1,"minecraft:rotten_flesh":1,"minecraft:iron_chestplate":1,"minecraft:oak_door":1,"minecraft:torch":35,"minecraft:dirt":39,"intensehorror:wall_flags":3,"minecraft:birch_door":3,"minecraft:wooden_axe":69,"quark:birch_ladder":16,"minecraft:iron_axe":14,"minecraft:birch_sapling":31,"minecraft:iron_boots":1,"minecraft:oak_sapling":2,"minecraft:furnace":4,"intensehorror:lemon_candy":1,"minecraft:cooked_beef":11,"intensehorror:double_pumpkin":2,"minecraft:diorite":4,"minecraft:birch_planks":142,"minecraft:stone_pickaxe":273,"intensehorror:double_jack_o_lantern":4,"minecraft:birch_boat":1,"minecraft:wooden_pickaxe":60,"minecraft:sand":5,"minecraft:crafting_table":10,"minecraft:cornflower":1,"intensehorror:black_cat":1,"minecraft:bread":18,"intensehorror:strawberry_candy":2,"minecraft:stone_axe":135,"minecraft:cobblestone":79,"minecraft:andesite":1}},"DataVersion":3465}