{"stats":{"minecraft:killed":{"intensehorror:vampire_bat":1,"minecraft:spider":1,"intensehorror:deadly_sphere":2,"minecraft:pillager":1,"intensehorror:mothman":1,"minecraft:zombie":1},"minecraft:used":{"minecraft:oak_fence":16,"quark:birch_chest":8,"minecraft:stone_sword":334,"minecraft:stone_shovel":469,"minecraft:stone":280,"minecraft:wooden_shovel":424,"minecraft:stone_hoe":114,"minecraft:rotten_flesh":3,"minecraft:torch":38,"minecraft:dirt":645,"intensehorror:wall_flags":2,"minecraft:cobblestone_wall":95,"intensehorror:tombstone":1,"minecraft:azure_bluet":2,"minecraft:oak_fence_gate":1,"minecraft:birch_door":5,"minecraft:glass":24,"quark:birch_ladder":17,"minecraft:wooden_axe":112,"minecraft:oak_stairs":50,"minecraft:birch_sapling":33,"intensehorror:hanging_pumpkins":1,"minecraft:oak_sapling":30,"minecraft:furnace":1,"minecraft:potato":158,"minecraft:wheat_seeds":46,"minecraft:birch_planks":256,"minecraft:stone_pickaxe":258,"minecraft:oak_planks":244,"minecraft:wooden_pickaxe":350,"artifacts:eternal_steak":6,"minecraft:spruce_sign":5,"minecraft:sugar_cane":7,"minecraft:mossy_cobblestone":1,"minecraft:crafting_table":5,"minecraft:campfire":4,"minecraft:white_bed":4,"minecraft:lightning_rod":4,"minecraft:oak_log":1,"minecraft:wooden_hoe":60,"minecraft:cornflower":2,"minecraft:apple":4,"minecraft:oxeye_daisy":4,"intensehorror:sitting_skeleton":1,"minecraft:stone_axe":76,"minecraft:wooden_sword":123,"minecraft:cobblestone":6,"minecraft:white_banner":1,"quark:oak_chest":5,"minecraft:dandelion":19},"minecraft:dropped":{"minecraft:dirt":1,"minecraft:torch":1,"artifacts:eternal_steak":2,"minecraft:birch_button":2,"minecraft:wooden_pickaxe":1},"minecraft:broken":{"minecraft:wooden_shovel":7,"minecraft:stone_sword":2,"minecraft:iron_boots":1,"minecraft:iron_chestplate":1,"minecraft:iron_leggings":1,"minecraft:stone_hoe":1,"minecraft:wooden_pickaxe":6,"minecraft:stone_pickaxe":2,"minecraft:wooden_sword":2,"minecraft:iron_helmet":1,"minecraft:wooden_axe":2,"minecraft:wooden_hoe":2,"minecraft:stone_shovel":3},"minecraft:crafted":{"minecraft:wooden_sword":3,"minecraft:oak_planks":332,"minecraft:stone_shovel":4,"quark:birch_chest":4,"minecraft:lightning_rod":4,"minecraft:furnace":1,"quark:birch_ladder":16,"minecraft:stone":286,"minecraft:glass":27,"minecraft:stone_pickaxe":4,"minecraft:stone_pressure_plate":1,"minecraft:cobblestone_wall":96,"minecraft:birch_door":3,"minecraft:birch_button":1,"minecraft:stone_hoe":2,"intensehorror:tombstone":1,"minecraft:glass_bottle":3,"minecraft:wooden_shovel":7,"minecraft:crafting_table":2,"minecraft:wooden_pickaxe":9,"minecraft:birch_pressure_plate":1,"minecraft:copper_ingot":16,"minecraft:birch_planks":392,"minecraft:campfire":6,"minecraft:stone_axe":3,"minecraft:oak_fence_gate":1,"minecraft:wooden_hoe":2,"minecraft:stick":84,"quark:oak_chest":5,"minecraft:birch_trapdoor":2,"minecraft:oak_stairs":20,"minecraft:wooden_axe":5,"minecraft:stone_sword":4,"minecraft:torch":20},"minecraft:custom":{"minecraft:mob_kills":8,"minecraft:interact_with_crafting_table":51,"minecraft:leave_game":2,"minecraft:time_since_death":15487,"minecraft:climb_one_cm":103626,"minecraft:sprint_one_cm":431107,"minecraft:walk_one_cm":1564793,"minecraft:drop":7,"minecraft:play_time":412403,"minecraft:deaths":26,"minecraft:sneak_time":13481,"minecraft:jump":2511,"minecraft:walk_on_water_one_cm":2555,"minecraft:total_world_time":412403,"minecraft:interact_with_furnace":81,"minecraft:sleep_in_bed":5,"minecraft:time_since_rest":15564,"minecraft:damage_taken":15137,"minecraft:damage_dealt":8175,"minecraft:fly_one_cm":118989,"minecraft:open_chest":46,"minecraft:crouch_one_cm":30844,"minecraft:fall_one_cm":61341},"minecraft:picked_up":{"minecraft:wooden_axe":1,"minecraft:crafting_table":3,"minecraft:charcoal":2,"minecraft:iron_chestplate":1,"minecraft:birch_door":2,"minecraft:azure_bluet":3,"minecraft:wooden_pickaxe":2,"minecraft:oak_stairs":30,"minecraft:birch_button":2,"intensehorror:hanging_pumpkins":1,"minecraft:cornflower":4,"minecraft:string":2,"minecraft:raw_copper":28,"minecraft:wooden_sword":1,"minecraft:iron_leggings":1,"intensehorror:nail":4,"intensehorror:charged_core":1,"minecraft:poppy":4,"minecraft:sugar_cane":7,"minecraft:birch_sapling":34,"minecraft:iron_boots":1,"minecraft:stick":52,"minecraft:oak_fence":16,"minecraft:torch":24,"quark:birch_chest":4,"intensehorror:broken_bat_wing":1,"minecraft:rotten_flesh":7,"minecraft:cobblestone":495,"minecraft:oxeye_daisy":4,"minecraft:stripped_oak_log":16,"minecraft:birch_log":104,"artifacts:eternal_steak":2,"minecraft:andesite":1,"minecraft:potato":89,"intensehorror:mothman_eyes":1,"minecraft:birch_planks":2,"minecraft:oak_log":110,"minecraft:cobblestone_wall":2,"minecraft:cobblestone_stairs":2,"minecraft:dirt":1620,"minecraft:white_banner":1,"minecraft:bone":3,"minecraft:apple":4,"minecraft:wheat_seeds":48,"minecraft:stripped_oak_wood":3,"intensehorror:wall_flags":2,"minecraft:oak_planks":37,"intensehorror:killer_knife":1,"intensehorror:book_of_horror":1,"minecraft:dandelion":25,"minecraft:sand":64,"minecraft:white_bed":4,"minecraft:mossy_cobblestone":1,"quark:birch_ladder":1,"intensehorror:jason_mask_helmet":1,"minecraft:iron_helmet":1,"minecraft:spruce_sign":5,"minecraft:oak_sapling":48,"minecraft:coal":57,"intensehorror:sitting_skeleton":1},"minecraft:killed_by":{"minecraft:player":1,"intensehorror:pinhead":1,"intensehorror:ghostface":1,"sanitydim:rotting_stalker":2,"intensehorror:headless_horseman":2,"intensehorror:reaper":1,"apollyon:the_damned":1,"intensehorror:vampire":1},"minecraft:mined":{"minecraft:white_bed":4,"minecraft:oak_sapling":2,"minecraft:mossy_cobblestone":2,"minecraft:cobblestone_stairs":2,"intensehorror:hanging_pumpkins":1,"intensehorror:wall_flags":1,"minecraft:grass_block":967,"minecraft:oxeye_daisy":4,"minecraft:andesite":1,"treechop:chopped_log":24,"minecraft:azure_bluet":2,"minecraft:potatoes":32,"minecraft:dirt_path":39,"minecraft:oak_stairs":31,"minecraft:stripped_oak_log":16,"minecraft:stone":410,"minecraft:glass_pane":6,"minecraft:dandelion":24,"minecraft:oak_fence":16,"minecraft:cornflower":3,"minecraft:crafting_table":3,"minecraft:torch":5,"minecraft:poppy":4,"minecraft:campfire":1,"minecraft:spruce_wall_sign":1,"minecraft:tall_grass":48,"minecraft:copper_ore":8,"minecraft:cobblestone":84,"minecraft:sugar_cane":7,"minecraft:oak_planks":37,"minecraft:wall_torch":2,"minecraft:spruce_sign":2,"minecraft:birch_sapling":3,"minecraft:birch_planks":2,"minecraft:cobblestone_wall":2,"minecraft:birch_log":1,"minecraft:birch_leaves":1,"minecraft:birch_door":1,"minecraft:stripped_oak_wood":3,"quark:birch_chest":4,"minecraft:grass":336,"quark:birch_ladder":1,"minecraft:coal_ore":57,"minecraft:oak_log":31,"minecraft:sand":64,"minecraft:dirt":631}},"DataVersion":3465}