{"stats":{"minecraft:killed":{"minecraft:spider":1,"minecraft:pillager":1,"minecraft:zombie":1},"minecraft:used":{"minecraft:oak_fence":16,"quark:birch_chest":8,"minecraft:stone_sword":157,"minecraft:stone_shovel":174,"minecraft:stone":242,"minecraft:wooden_shovel":318,"minecraft:stone_hoe":114,"minecraft:rotten_flesh":3,"minecraft:torch":38,"minecraft:dirt":519,"intensehorror:wall_flags":2,"minecraft:cobblestone_wall":95,"minecraft:azure_bluet":2,"minecraft:oak_fence_gate":1,"minecraft:birch_door":4,"minecraft:glass":24,"quark:birch_ladder":17,"minecraft:wooden_axe":112,"minecraft:oak_stairs":50,"minecraft:birch_sapling":33,"intensehorror:hanging_pumpkins":1,"minecraft:oak_sapling":30,"minecraft:furnace":1,"minecraft:potato":150,"minecraft:wheat_seeds":46,"minecraft:birch_planks":254,"minecraft:stone_pickaxe":249,"minecraft:oak_planks":243,"minecraft:wooden_pickaxe":239,"artifacts:eternal_steak":1,"minecraft:spruce_sign":2,"minecraft:sugar_cane":7,"minecraft:mossy_cobblestone":1,"minecraft:crafting_table":5,"minecraft:campfire":4,"minecraft:white_bed":4,"minecraft:lightning_rod":4,"minecraft:oak_log":1,"minecraft:wooden_hoe":60,"minecraft:cornflower":2,"minecraft:apple":2,"minecraft:oxeye_daisy":4,"intensehorror:sitting_skeleton":1,"minecraft:stone_axe":49,"minecraft:wooden_sword":122,"minecraft:cobblestone":6,"minecraft:white_banner":1,"quark:oak_chest":4,"minecraft:dandelion":1},"minecraft:dropped":{"minecraft:dirt":1,"minecraft:torch":1,"minecraft:birch_button":2,"minecraft:wooden_pickaxe":1},"minecraft:broken":{"minecraft:wooden_shovel":5,"minecraft:stone_sword":1,"minecraft:iron_boots":1,"minecraft:iron_leggings":1,"minecraft:stone_hoe":1,"minecraft:wooden_pickaxe":3,"minecraft:stone_pickaxe":2,"minecraft:wooden_sword":2,"minecraft:iron_helmet":1,"minecraft:wooden_axe":2,"minecraft:wooden_hoe":2,"minecraft:stone_shovel":1},"minecraft:crafted":{"minecraft:wooden_sword":3,"minecraft:oak_planks":324,"minecraft:stone_shovel":3,"quark:birch_chest":4,"minecraft:lightning_rod":4,"minecraft:furnace":1,"quark:birch_ladder":16,"minecraft:stone":242,"minecraft:glass":24,"minecraft:stone_pickaxe":2,"minecraft:cobblestone_wall":96,"minecraft:birch_door":3,"minecraft:birch_button":1,"minecraft:stone_hoe":2,"minecraft:wooden_shovel":6,"minecraft:crafting_table":2,"minecraft:wooden_pickaxe":8,"minecraft:birch_pressure_plate":1,"minecraft:copper_ingot":16,"minecraft:birch_planks":392,"minecraft:campfire":6,"minecraft:stone_axe":2,"minecraft:oak_fence_gate":1,"minecraft:wooden_hoe":2,"minecraft:stick":84,"quark:oak_chest":4,"minecraft:birch_trapdoor":2,"minecraft:oak_stairs":20,"minecraft:wooden_axe":5,"minecraft:stone_sword":2,"minecraft:torch":16},"minecraft:custom":{"minecraft:mob_kills":3,"minecraft:interact_with_crafting_table":43,"minecraft:leave_game":2,"minecraft:time_since_death":27004,"minecraft:climb_one_cm":91905,"minecraft:sprint_one_cm":372405,"minecraft:walk_one_cm":1188568,"minecraft:drop":5,"minecraft:play_time":316403,"minecraft:deaths":19,"minecraft:sneak_time":9892,"minecraft:jump":1999,"minecraft:walk_on_water_one_cm":2555,"minecraft:total_world_time":316403,"minecraft:interact_with_furnace":69,"minecraft:sleep_in_bed":5,"minecraft:time_since_rest":8152,"minecraft:damage_taken":9338,"minecraft:damage_dealt":5259,"minecraft:fly_one_cm":104335,"minecraft:open_chest":32,"minecraft:crouch_one_cm":28537,"minecraft:fall_one_cm":56342},"minecraft:picked_up":{"minecraft:wooden_axe":1,"minecraft:crafting_table":3,"minecraft:charcoal":2,"minecraft:iron_chestplate":1,"minecraft:birch_door":2,"minecraft:azure_bluet":3,"minecraft:wooden_pickaxe":2,"minecraft:oak_stairs":30,"minecraft:birch_button":2,"intensehorror:hanging_pumpkins":1,"minecraft:cornflower":4,"minecraft:string":2,"minecraft:raw_copper":28,"minecraft:wooden_sword":1,"minecraft:iron_leggings":1,"intensehorror:nail":4,"minecraft:poppy":4,"minecraft:sugar_cane":7,"minecraft:birch_sapling":33,"minecraft:iron_boots":1,"minecraft:stick":45,"minecraft:oak_fence":16,"minecraft:torch":23,"quark:birch_chest":4,"minecraft:rotten_flesh":7,"minecraft:cobblestone":377,"minecraft:oxeye_daisy":4,"minecraft:stripped_oak_log":16,"minecraft:birch_log":98,"artifacts:eternal_steak":1,"minecraft:potato":89,"minecraft:birch_planks":2,"minecraft:oak_log":81,"minecraft:cobblestone_wall":2,"minecraft:cobblestone_stairs":2,"minecraft:dirt":896,"minecraft:white_banner":1,"minecraft:bone":3,"minecraft:apple":4,"minecraft:wheat_seeds":47,"minecraft:stripped_oak_wood":3,"intensehorror:wall_flags":2,"minecraft:oak_planks":37,"intensehorror:killer_knife":1,"minecraft:dandelion":18,"minecraft:sand":64,"minecraft:white_bed":4,"minecraft:mossy_cobblestone":1,"quark:birch_ladder":1,"intensehorror:jason_mask_helmet":1,"minecraft:iron_helmet":1,"minecraft:spruce_sign":2,"minecraft:oak_sapling":30,"minecraft:coal":56,"intensehorror:sitting_skeleton":1},"minecraft:killed_by":{"minecraft:player":1,"intensehorror:pinhead":1,"sanitydim:rotting_stalker":2,"intensehorror:headless_horseman":2,"intensehorror:reaper":1,"apollyon:the_damned":1,"intensehorror:vampire":1},"minecraft:mined":{"minecraft:white_bed":4,"minecraft:oak_sapling":2,"minecraft:mossy_cobblestone":2,"minecraft:cobblestone_stairs":2,"intensehorror:hanging_pumpkins":1,"intensehorror:wall_flags":1,"minecraft:grass_block":548,"minecraft:oxeye_daisy":4,"treechop:chopped_log":21,"minecraft:azure_bluet":2,"minecraft:potatoes":32,"minecraft:dirt_path":38,"minecraft:oak_stairs":31,"minecraft:stripped_oak_log":16,"minecraft:stone":292,"minecraft:glass_pane":6,"minecraft:dandelion":18,"minecraft:oak_fence":16,"minecraft:cornflower":3,"minecraft:crafting_table":3,"minecraft:torch":5,"minecraft:poppy":4,"minecraft:campfire":1,"minecraft:tall_grass":48,"minecraft:copper_ore":8,"minecraft:cobblestone":84,"minecraft:sugar_cane":7,"minecraft:oak_planks":37,"minecraft:wall_torch":1,"minecraft:spruce_sign":1,"minecraft:birch_sapling":3,"minecraft:birch_planks":2,"minecraft:cobblestone_wall":2,"minecraft:birch_log":1,"minecraft:birch_leaves":1,"minecraft:birch_door":1,"minecraft:stripped_oak_wood":3,"quark:birch_chest":4,"minecraft:grass":332,"quark:birch_ladder":1,"minecraft:coal_ore":56,"minecraft:oak_log":31,"minecraft:sand":64,"minecraft:dirt":339}},"DataVersion":3465}