{"stats":{"minecraft:killed":{"intensehorror:vampire_bat":1,"minecraft:spider":2,"intensehorror:deadly_sphere":2,"minecraft:skeleton":2,"intensehorror:headless_horseman":1,"minecraft:pillager":1,"intensehorror:mothman":1,"minecraft:zombie":1},"minecraft:used":{"minecraft:oak_fence":16,"quark:birch_chest":12,"minecraft:stone_sword":349,"minecraft:stone_shovel":656,"minecraft:stone":280,"minecraft:wooden_shovel":483,"minecraft:stone_hoe":114,"minecraft:rotten_flesh":3,"minecraft:torch":49,"minecraft:dirt":911,"intensehorror:wall_flags":4,"minecraft:cobblestone_wall":95,"intensehorror:tombstone":1,"minecraft:azure_bluet":2,"minecraft:oak_fence_gate":1,"minecraft:birch_door":7,"minecraft:glass":24,"quark:birch_ladder":17,"minecraft:wooden_axe":172,"minecraft:oak_stairs":50,"minecraft:birch_sapling":33,"minecraft:stone_bricks":174,"intensehorror:cooked_meat":5,"intensehorror:hanging_pumpkins":1,"minecraft:oak_sapling":30,"minecraft:furnace":1,"minecraft:potato":158,"minecraft:wheat_seeds":46,"minecraft:birch_planks":268,"minecraft:stone_pickaxe":890,"minecraft:oak_planks":246,"minecraft:wooden_pickaxe":408,"artifacts:eternal_steak":8,"minecraft:spruce_sign":10,"minecraft:fletching_table":1,"minecraft:sugar_cane":7,"minecraft:mossy_cobblestone":1,"minecraft:crafting_table":6,"minecraft:campfire":4,"minecraft:white_bed":5,"minecraft:lightning_rod":4,"minecraft:oak_log":1,"minecraft:wooden_hoe":60,"minecraft:cornflower":2,"minecraft:apple":4,"minecraft:oxeye_daisy":4,"intensehorror:sitting_skeleton":1,"minecraft:gravel":11,"minecraft:stone_axe":141,"minecraft:wooden_sword":123,"minecraft:cobblestone":6,"minecraft:white_banner":2,"quark:oak_chest":5,"minecraft:dandelion":19},"minecraft:dropped":{"minecraft:dirt":1,"minecraft:torch":1,"artifacts:eternal_steak":5,"minecraft:birch_button":2,"minecraft:wooden_pickaxe":1},"minecraft:broken":{"minecraft:wooden_shovel":8,"minecraft:stone_sword":2,"minecraft:iron_boots":1,"minecraft:iron_chestplate":1,"minecraft:iron_leggings":1,"minecraft:stone_hoe":1,"minecraft:wooden_pickaxe":7,"minecraft:stone_pickaxe":6,"minecraft:wooden_sword":2,"minecraft:iron_helmet":1,"minecraft:wooden_axe":3,"minecraft:wooden_hoe":2,"minecraft:stone_shovel":5},"minecraft:crafted":{"minecraft:wooden_sword":3,"minecraft:oak_planks":440,"minecraft:stone_shovel":5,"quark:birch_chest":8,"minecraft:lightning_rod":4,"minecraft:furnace":1,"quark:birch_ladder":16,"minecraft:stone":474,"minecraft:glass":30,"minecraft:stone_pickaxe":8,"minecraft:stone_pressure_plate":1,"minecraft:cobblestone_wall":96,"minecraft:birch_door":6,"minecraft:birch_button":1,"minecraft:stone_hoe":2,"minecraft:stone_bricks":176,"intensehorror:tombstone":1,"minecraft:glass_bottle":3,"minecraft:wooden_shovel":8,"minecraft:crafting_table":2,"minecraft:wooden_pickaxe":9,"minecraft:birch_pressure_plate":1,"minecraft:copper_ingot":16,"minecraft:fletching_table":1,"minecraft:birch_planks":416,"minecraft:campfire":6,"minecraft:stone_axe":3,"minecraft:oak_fence_gate":1,"minecraft:wooden_hoe":2,"minecraft:stick":96,"quark:oak_chest":5,"minecraft:birch_trapdoor":2,"minecraft:oak_stairs":20,"minecraft:wooden_axe":5,"minecraft:stone_sword":4,"minecraft:torch":44},"minecraft:custom":{"minecraft:mob_kills":12,"minecraft:interact_with_crafting_table":77,"minecraft:leave_game":2,"minecraft:time_since_death":20393,"minecraft:climb_one_cm":115993,"minecraft:sprint_one_cm":492645,"minecraft:walk_one_cm":2120057,"minecraft:drop":10,"minecraft:play_time":550403,"minecraft:deaths":30,"minecraft:sneak_time":15943,"minecraft:jump":3361,"minecraft:walk_on_water_one_cm":2555,"minecraft:total_world_time":550403,"minecraft:interact_with_furnace":115,"minecraft:sleep_in_bed":8,"minecraft:time_since_rest":18549,"minecraft:damage_taken":22272,"minecraft:damage_dealt":8524,"minecraft:fly_one_cm":129935,"minecraft:open_chest":67,"minecraft:crouch_one_cm":33523,"minecraft:fall_one_cm":75561},"minecraft:picked_up":{"minecraft:wooden_axe":1,"minecraft:crafting_table":4,"minecraft:charcoal":2,"minecraft:iron_chestplate":1,"minecraft:birch_door":2,"minecraft:azure_bluet":3,"minecraft:wooden_pickaxe":2,"minecraft:oak_stairs":30,"minecraft:wither_rose":1,"minecraft:birch_button":2,"intensehorror:hanging_pumpkins":1,"minecraft:cornflower":4,"minecraft:string":4,"minecraft:raw_copper":163,"minecraft:wooden_sword":1,"minecraft:iron_leggings":1,"intensehorror:nail":4,"intensehorror:charged_core":1,"minecraft:poppy":4,"minecraft:sugar_cane":7,"minecraft:birch_sapling":34,"minecraft:iron_boots":1,"minecraft:stick":52,"minecraft:oak_fence":26,"minecraft:torch":32,"intensehorror:cooked_meat":5,"quark:birch_chest":4,"intensehorror:broken_bat_wing":1,"minecraft:arrow":2,"minecraft:rotten_flesh":7,"minecraft:cobblestone":1040,"minecraft:oxeye_daisy":4,"minecraft:stripped_oak_log":16,"minecraft:birch_log":104,"artifacts:eternal_steak":5,"minecraft:andesite":30,"minecraft:potato":89,"intensehorror:mothman_eyes":1,"minecraft:birch_planks":178,"minecraft:flint":7,"minecraft:oak_log":110,"minecraft:cobblestone_wall":2,"minecraft:cobblestone_stairs":2,"minecraft:dirt":1857,"minecraft:white_banner":2,"minecraft:bone":5,"minecraft:apple":4,"minecraft:bow":1,"minecraft:wheat_seeds":49,"minecraft:stripped_oak_wood":3,"intensehorror:wall_flags":4,"minecraft:oak_planks":39,"intensehorror:killer_knife":1,"intensehorror:book_of_horror":1,"minecraft:dandelion":25,"minecraft:gravel":109,"minecraft:sand":64,"minecraft:white_bed":5,"minecraft:spider_eye":1,"minecraft:mossy_cobblestone":1,"quark:birch_ladder":1,"intensehorror:jason_mask_helmet":1,"minecraft:iron_helmet":1,"minecraft:spruce_sign":10,"minecraft:oak_sapling":48,"minecraft:coal":135,"intensehorror:sitting_skeleton":1},"minecraft:killed_by":{"minecraft:player":1,"intensehorror:pinhead":1,"intensehorror:ghostface":1,"sanitydim:rotting_stalker":2,"intensehorror:headless_horseman":2,"intensehorror:reaper":1,"apollyon:the_damned":1,"intensehorror:vampire":1},"minecraft:mined":{"minecraft:white_bed":4,"minecraft:oak_sapling":2,"minecraft:mossy_cobblestone":2,"minecraft:cobblestone_stairs":2,"intensehorror:hanging_pumpkins":1,"intensehorror:wall_flags":3,"minecraft:grass_block":1038,"minecraft:oxeye_daisy":4,"minecraft:andesite":30,"treechop:chopped_log":24,"minecraft:azure_bluet":2,"minecraft:potatoes":32,"minecraft:dirt_path":39,"minecraft:oak_stairs":31,"minecraft:stripped_oak_log":16,"minecraft:stone":955,"minecraft:glass_pane":6,"minecraft:dandelion":24,"minecraft:oak_fence":26,"minecraft:cornflower":3,"minecraft:crafting_table":4,"minecraft:torch":6,"minecraft:poppy":4,"minecraft:campfire":1,"minecraft:spruce_wall_sign":3,"minecraft:tall_grass":48,"minecraft:copper_ore":45,"minecraft:cobblestone":84,"minecraft:sugar_cane":7,"minecraft:oak_planks":38,"minecraft:wall_torch":5,"minecraft:spruce_sign":2,"minecraft:birch_sapling":3,"minecraft:birch_planks":180,"minecraft:cobblestone_wall":2,"minecraft:birch_log":1,"minecraft:birch_leaves":1,"minecraft:birch_door":1,"minecraft:stripped_oak_wood":3,"minecraft:white_wall_banner":1,"quark:birch_chest":4,"minecraft:grass":343,"quark:birch_ladder":1,"minecraft:coal_ore":135,"minecraft:oak_log":31,"minecraft:gravel":116,"minecraft:sand":64,"minecraft:dirt":797}},"DataVersion":3465}