{"stats":{"minecraft:killed":{"endofherobrine:silverfish":7,"endofherobrine:pig":1,"intensehorror:vampire_bat":13,"minecraft:witch":1,"intensehorror:the_possessed":8,"intensehorror:fritz":13,"minecraft:spider":8,"intensehorror:demon":9,"intensehorror:mourning_wood":2,"sanitydim:sneaking_terror":2,"minecraft:skeleton":52,"intensehorror:butcher":5,"the_knocker:knocker":1,"minecraft:chicken":1,"intensehorror:werewolf":5,"intensehorror:reaper":6,"minecraft:piglin_brute":13,"intensehorror:headless_horseman":4,"intensehorror:chucky":8,"minecraft:magma_cube":11,"minecraft:piglin":5,"minecraft:pig":6,"minecraft:iron_golem":1,"minecraft:creeper":13,"intensehorror:player_sphere":1,"minecraft:sheep":1,"intensehorror:frankenstein":9,"intensehorror:michael_myers":5,"minecraft:zombie":52,"intensehorror:treater":1,"cave_dweller:cave_dweller":3,"endofherobrine:cow":2,"apollyon:the_damned":4,"minecraft:cow":7,"intensehorror:severed_hand":7,"intensehorror:deadly_sphere":8,"midnightlurker:midnight_lurker_stalking":1,"sanitydim:rotting_stalker":1,"minecraft:phantom":1,"intensehorror:freddy_krueger":8,"intensehorror:mummy":5,"intensehorror:pinhead":8,"intensehorror:mad_professor":4,"intensehorror:creature_from_the_deep":4,"intensehorror:swamp_thing":9,"intensehorror:skelegang":2,"quark:foxhound":2,"intensehorror:ghostface":3,"intensehorror:clown":6,"intensehorror:cursed_scarecrow":5,"intensehorror:mothman":8,"intensehorror:jason_voorhees":2,"endofherobrine:sheep":4,"intensehorror:ghost":9},"minecraft:crafted":{"minecraft:smooth_stone":64,"minecraft:oak_planks":228,"quark:birch_chest":9,"minecraft:chain":29,"minecraft:birch_boat":1,"minecraft:cooked_chicken":1,"minecraft:lightning_rod":1,"quark:birch_ladder":36,"minecraft:cobblestone_stairs":6,"minecraft:stone":64,"sophisticatedbackpacks:crafting_upgrade":1,"quark:deepslate_furnace":1,"quark:cherry_chest":1,"minecraft:cooked_mutton":3,"minecraft:diamond_helmet":1,"minecraft:bow":1,"minecraft:diamond_leggings":1,"minecraft:iron_boots":2,"minecraft:oak_button":3,"minecraft:birch_door":3,"minecraft:stone_hoe":1,"minecraft:oak_fence":9,"minecraft:golden_boots":1,"minecraft:smoker":1,"minecraft:emerald":96,"sophisticatedbackpacks:backpack":1,"quark:blossom_planks":204,"minecraft:cooked_porkchop":14,"minecraft:crafting_table":8,"minecraft:spruce_planks":1288,"minecraft:wooden_pickaxe":1,"minecraft:baked_potato":259,"minecraft:iron_helmet":2,"minecraft:cherry_button":2,"minecraft:copper_ingot":479,"minecraft:oak_wood":15,"minecraft:birch_planks":744,"minecraft:campfire":8,"sophisticatedbackpacks:upgrade_base":1,"minecraft:wooden_hoe":1,"minecraft:iron_chestplate":3,"minecraft:charcoal":169,"minecraft:shield":1,"minecraft:stick":3120,"quark:oak_chest":17,"minecraft:iron_ingot":276,"minecraft:iron_pickaxe":11,"minecraft:gold_ingot":20,"quark:blossom_trapdoor":30,"quark:blossom_planks_stairs":44,"minecraft:cherry_planks":12,"minecraft:wooden_sword":1,"minecraft:stone_shovel":5,"minecraft:iron_nugget":162,"minecraft:furnace":5,"minecraft:blast_furnace":1,"minecraft:bone_meal":159,"sanitydim:garland":11,"quark:blossom_chest":5,"intensehorror:jack_o_scarecrow":4,"minecraft:oak_trapdoor":16,"minecraft:flint_and_steel":1,"minecraft:lantern":5,"minecraft:iron_axe":3,"minecraft:ender_pearl":1,"minecraft:stone_pickaxe":3,"minecraft:diamond_boots":1,"quark:spruce_chest":1,"sophisticatedbackpacks:iron_backpack":1,"minecraft:wheat":99,"minecraft:cooked_beef":11,"minecraft:iron_trapdoor":5,"minecraft:iron_sword":1,"minecraft:leather_helmet":2,"minecraft:bucket":4,"minecraft:bread":54,"minecraft:air":0,"minecraft:oak_stairs":12,"minecraft:wooden_axe":1,"minecraft:birch_trapdoor":4,"minecraft:iron_shovel":2,"minecraft:iron_leggings":2,"minecraft:white_bed":1,"minecraft:torch":100,"minecraft:diamond_chestplate":1},"minecraft:dropped":{"sophisticatedbackpacks:iron_backpack":1,"minecraft:birch_planks":34,"minecraft:cooked_beef":5,"minecraft:oak_log":64,"intensehorror:book_of_horror":2,"minecraft:crafting_table":1,"minecraft:leather_helmet":3,"minecraft:gold_block":4,"minecraft:cracked_polished_blackstone_bricks":1,"minecraft:dirt":64,"minecraft:polished_blackstone_bricks":29,"minecraft:gold_ingot":16,"intensehorror:cooked_meat":2,"intensehorror:toxic_flask":2,"minecraft:stone_axe":2,"minecraft:blackstone":6,"minecraft:cooked_chicken":2,"minecraft:cobbled_deepslate":4,"minecraft:rotten_flesh":9,"intensehorror:undead_necklace":2,"minecraft:carrot":6,"minecraft:basalt":1,"minecraft:powered_rail":3,"minecraft:arrow":10,"minecraft:netherrack":238,"intensehorror:hanging_pumpkin_lights":2,"minecraft:torch":1,"intensehorror:wall_bats":6,"intensehorror:music_disc_night_of_fright":1,"minecraft:string":2,"artifacts:bunny_hoppers":1,"minecraft:smooth_basalt":1,"minecraft:furnace":2,"intensehorror:ectoplasm":41,"intensehorror:charged_staff":1,"intensehorror:ghostface_mask_helmet":1,"minecraft:potato":18,"artifacts:eternal_steak":3,"minecraft:iron_chestplate":1,"minecraft:andesite":1,"sanitydim:garland":4,"minecraft:stone_pickaxe":2},"minecraft:used":{"minecraft:moss_block":1,"minecraft:cherry_sapling":2,"intensehorror:freddys_claw":173,"minecraft:iron_shovel":506,"intensehorror:hanging_pumpkin_lights":4,"minecraft:smooth_quartz_slab":1,"minecraft:oak_sign":1,"minecraft:chest":1,"minecraft:iron_sword":212,"intensehorror:hanging_skeleton":1,"minecraft:rotten_flesh":4,"minecraft:iron_chestplate":1,"intensehorror:cherry_candy":4,"quark:cherry_chest":2,"intensehorror:wall_flags":6,"minecraft:carrot":7,"minecraft:tuff":2,"minecraft:milk_bucket":2,"intensehorror:ghostface_mask_helmet":2,"quark:birch_ladder":24,"minecraft:lantern":11,"minecraft:birch_sapling":18,"quark:deepslate_furnace":1,"minecraft:cherry_button":2,"minecraft:dark_oak_button":1,"quark:blossom_chest":9,"minecraft:birch_trapdoor":4,"minecraft:bow":39,"minecraft:oak_sapling":27,"minecraft:furnace":8,"minecraft:potato":26,"minecraft:seagrass":2,"minecraft:diorite":27,"intensehorror:hanging_reaper":7,"intensehorror:stacked_jack_o_lantern":1,"minecraft:stone_pickaxe":275,"minecraft:oak_planks":10,"minecraft:blackstone":4,"minecraft:wooden_pickaxe":2,"artifacts:eternal_steak":2,"minecraft:blue_bed":5,"minecraft:sand":21,"minecraft:blast_furnace":1,"intensehorror:killer_knife":44,"intensehorror:death_sickle":209,"minecraft:lightning_rod":1,"intensehorror:sitting_skeleton":2,"intensehorror:black_cat":6,"minecraft:bread":108,"minecraft:oak_pressure_plate":1,"minecraft:iron_door":1,"intensehorror:strawberry_candy":13,"minecraft:fire_charge":1,"minecraft:wooden_sword":12,"minecraft:andesite":24,"minecraft:chain":30,"minecraft:smooth_stone_slab":1,"minecraft:bone_meal":80,"minecraft:oak_fence":14,"sophisticatedbackpacks:iron_backpack":1,"quark:birch_chest":9,"minecraft:stone_sword":104,"minecraft:flint_and_steel":1,"minecraft:stone_shovel":715,"intensehorror:orange_candy":3,"minecraft:cooked_salmon":1,"minecraft:stone_hoe":84,"minecraft:netherrack":242,"minecraft:torch":290,"minecraft:oak_door":1,"minecraft:dirt":1175,"intensehorror:apple_candy":2,"minecraft:diamond_helmet":1,"minecraft:oak_wood":14,"minecraft:granite":18,"minecraft:birch_door":2,"minecraft:wooden_axe":19,"minecraft:iron_axe":1108,"minecraft:oak_stairs":5,"minecraft:basalt":1,"intensehorror:cooked_meat":17,"minecraft:beef":2,"minecraft:iron_trapdoor":3,"intensehorror:lemon_candy":3,"minecraft:cobbled_deepslate":67,"minecraft:cooked_beef":31,"intensehorror:brain_in_a_jar":1,"minecraft:wheat_seeds":17,"minecraft:cooked_mutton":4,"minecraft:water_bucket":27,"minecraft:cobblestone_stairs":16,"minecraft:birch_planks":370,"minecraft:baked_potato":181,"intensehorror:hanging_ghost":1,"minecraft:birch_boat":1,"minecraft:cherry_planks":1,"minecraft:spruce_sign":1,"minecraft:stonecutter":2,"minecraft:cobblestone_slab":17,"minecraft:polished_blackstone_bricks":20,"minecraft:cracked_stone_bricks":1,"intensehorror:jack_o_scarecrow":3,"minecraft:mossy_cobblestone":2,"minecraft:crafting_table":10,"minecraft:campfire":8,"minecraft:white_bed":3,"intensehorror:jason_mask_helmet":1,"quark:cobblestone_vertical_slab":160,"minecraft:smoker":1,"minecraft:oak_log":251,"minecraft:apple":3,"quark:diorite_bricks_stairs":3,"minecraft:wooden_hoe":3,"intensehorror:laying_skeleton":3,"minecraft:diamond_pickaxe":1327,"minecraft:diamond_shovel":265,"minecraft:cracked_polished_blackstone_bricks":4,"minecraft:oak_button":4,"minecraft:iron_pickaxe":2778,"minecraft:suspicious_stew":1,"minecraft:spruce_sapling":40,"quark:blossom_planks_stairs":29,"minecraft:stone_axe":23,"minecraft:pink_petals":38,"minecraft:cobblestone":1450,"minecraft:cooked_porkchop":19,"minecraft:bucket":30,"minecraft:pumpkin_pie":8,"quark:blossom_trapdoor":43,"quark:oak_chest":22,"minecraft:wither_rose":1,"minecraft:kelp":1},"minecraft:custom":{"lootr:looted_stat":29,"minecraft:interact_with_crafting_table":120,"minecraft:open_barrel":2,"minecraft:leave_game":23,"minecraft:time_since_death":94429,"minecraft:sprint_one_cm":3272688,"minecraft:drop":111,"minecraft:talked_to_villager":41,"minecraft:play_time":1081111,"minecraft:deaths":55,"minecraft:jump":7686,"minecraft:interact_with_brewingstand":1,"minecraft:walk_on_water_one_cm":91290,"minecraft:interact_with_furnace":95,"minecraft:traded_with_villager":101,"minecraft:sleep_in_bed":19,"minecraft:damage_dealt":56632,"minecraft:crouch_one_cm":29025,"minecraft:interact_with_smoker":10,"minecraft:mob_kills":409,"minecraft:interact_with_campfire":26,"minecraft:climb_one_cm":44418,"minecraft:walk_one_cm":2746422,"minecraft:sneak_time":14167,"minecraft:walk_under_water_one_cm":95449,"minecraft:boat_one_cm":80214,"minecraft:interact_with_blast_furnace":11,"minecraft:total_world_time":1081111,"minecraft:interact_with_stonecutter":15,"minecraft:time_since_rest":94451,"minecraft:damage_taken":66970,"minecraft:minecart_one_cm":57356,"minecraft:fly_one_cm":902869,"minecraft:swim_one_cm":207187,"minecraft:open_chest":922,"minecraft:fall_one_cm":251329},"minecraft:killed_by":{"intensehorror:swamp_thing":1,"intensehorror:pinhead":1,"intensehorror:ghostface":4,"sanitydim:rotting_stalker":5,"intensehorror:demon":1,"intensehorror:freddy_krueger":1,"intensehorror:reaper":2,"sanitydim:sneaking_terror":3,"shy_guy:shy_guy_rage":2,"intensehorror:severed_hand":1,"minecraft:player":6,"intensehorror:butcher":1,"cave_dweller:cave_dweller":1,"intensehorror:creature_from_the_deep":2},"minecraft:broken":{"minecraft:iron_shovel":2,"minecraft:diamond_helmet":1,"sanitydim:garland":12,"minecraft:stone_pickaxe":1,"minecraft:stone_shovel":5,"minecraft:diamond_chestplate":1,"minecraft:stone_sword":1,"intensehorror:ghostface_mask_helmet":1,"intensehorror:jason_mask_helmet":1,"minecraft:diamond_leggings":1,"minecraft:iron_axe":3,"minecraft:iron_pickaxe":10,"minecraft:iron_helmet":1},"minecraft:mined":{"minecraft:spruce_planks":1,"minecraft:white_bed":2,"minecraft:oak_sapling":1,"quark:cherry_chest":2,"minecraft:cobblestone_stairs":3,"minecraft:brewing_stand":1,"minecraft:granite":34,"minecraft:grass_block":823,"sophisticatedbackpacks:iron_backpack":1,"minecraft:cracked_polished_blackstone_bricks":32,"minecraft:oak_pressure_plate":1,"minecraft:blue_wool":3,"minecraft:oxeye_daisy":2,"minecraft:spawner":4,"minecraft:polished_blackstone_bricks":94,"minecraft:tall_seagrass":2,"quark:blossom_chest":4,"minecraft:cobbled_deepslate":2,"minecraft:iron_ore":243,"minecraft:fire":1,"minecraft:pumpkin":9,"intensehorror:black_cat":5,"minecraft:deepslate_lapis_ore":11,"minecraft:pointed_dripstone":8,"intensehorror:laying_skeleton":2,"minecraft:oak_sign":2,"minecraft:dirt_path":98,"amendments:wall_lantern":3,"minecraft:oak_stairs":75,"minecraft:deepslate_redstone_ore":9,"minecraft:blackstone":15,"minecraft:torch":69,"minecraft:poppy":3,"minecraft:chest":1,"minecraft:smooth_quartz_slab":1,"minecraft:nether_quartz_ore":64,"minecraft:cobblestone":270,"minecraft:oak_planks":14,"graveyard:lying_skeleton":1,"minecraft:iron_door":1,"minecraft:wall_torch":34,"minecraft:spruce_sign":6,"minecraft:deepslate_copper_ore":23,"minecraft:pink_petals":14,"minecraft:chain":1,"minecraft:birch_log":3,"minecraft:wheat":4,"minecraft:wither_rose":1,"minecraft:grass":165,"quark:birch_ladder":3,"minecraft:oak_log":29,"minecraft:dirt":260,"minecraft:sand":21,"minecraft:stonecutter":2,"minecraft:netherrack":1035,"minecraft:oak_leaves":2,"minecraft:deepslate":73,"minecraft:nether_gold_ore":25,"minecraft:tuff":2,"minecraft:mossy_cobblestone":2,"minecraft:deepslate_diamond_ore":3,"minecraft:oak_door":1,"intensehorror:hanging_reaper":1,"intensehorror:wall_flags":1,"minecraft:stone_button":1,"intensehorror:hanging_pumpkin_lights":2,"intensehorror:sitting_skeleton":1,"minecraft:hay_block":12,"minecraft:redstone_ore":20,"minecraft:furnace":4,"minecraft:andesite":74,"treechop:chopped_log":115,"minecraft:gold_block":33,"minecraft:potatoes":1,"minecraft:deepslate_iron_ore":39,"minecraft:cobblestone_slab":5,"minecraft:lantern":3,"quark:blossom_trapdoor":14,"minecraft:stone":1383,"minecraft:oak_slab":9,"minecraft:cherry_planks":1,"quark:oak_chest":6,"quark:cobblestone_vertical_slab":24,"minecraft:basalt":11,"minecraft:dandelion":25,"minecraft:oak_fence":8,"minecraft:crafting_table":3,"minecraft:cornflower":4,"minecraft:emerald_ore":2,"minecraft:oak_wood":4,"minecraft:tall_grass":30,"minecraft:copper_ore":331,"minecraft:deepslate_coal_ore":28,"minecraft:deepslate_gold_ore":17,"minecraft:lapis_ore":33,"minecraft:lily_pad":1,"endofherobrine:mossy_stone_bricks":9,"minecraft:diorite":73,"minecraft:blue_bed":4,"minecraft:birch_planks":14,"quark:blossom_planks_stairs":1,"intensehorror:double_pumpkin":2,"quark:deepslate_furnace":1,"minecraft:yellow_bed":2,"minecraft:coal_ore":272,"minecraft:dripstone_block":2,"graveyard:leaning_skeleton":1,"minecraft:gravel":6,"minecraft:cobweb":21,"minecraft:cracked_stone_bricks":9,"minecraft:gold_ore":26,"minecraft:iron_trapdoor":3},"minecraft:picked_up":{"intensehorror:sitting_skeleton":2,"intensehorror:autumnal_leaves":35,"minecraft:seagrass":2,"minecraft:iron_chestplate":1,"minecraft:wheat":69,"minecraft:iron_trapdoor":3,"intensehorror:pumpkin_launcher":1,"minecraft:oak_stairs":74,"minecraft:wither_rose":19,"minecraft:nether_brick":3,"minecraft:brewing_stand":1,"intensehorror:tombstone":8,"minecraft:string":33,"minecraft:raw_copper":1240,"intensehorror:nail":50,"minecraft:oak_sign":2,"intensehorror:jack_o_scarecrow":6,"minecraft:diamond_leggings":1,"intensehorror:charged_core":1,"minecraft:gold_nugget":110,"minecraft:cobbled_deepslate":79,"minecraft:spruce_planks":1,"intensehorror:undead_necklace":3,"minecraft:cobblestone_slab":5,"intensehorror:double_jack_o_lantern":5,"minecraft:iron_pickaxe":2,"minecraft:furnace":6,"minecraft:blue_wool":4,"minecraft:stick":269,"intensehorror:hanging_skeleton":2,"minecraft:torch":188,"quark:cherry_chest":2,"minecraft:oak_fence":8,"intensehorror:stacked_pumpkin":3,"minecraft:porkchop":15,"quark:blossom_log":71,"minecraft:golden_axe":2,"minecraft:cherry_log":24,"minecraft:pointed_dripstone":9,"minecraft:diorite":69,"minecraft:vine":1,"intensehorror:broken_bat_wing":5,"minecraft:stone_sword":3,"minecraft:rotten_flesh":96,"minecraft:music_disc_ward":1,"intensehorror:demon_book":2,"quark:blossom_chest":4,"intensehorror:toxic_flask":4,"minecraft:obsidian":3,"minecraft:cobblestone":1677,"minecraft:birch_log":271,"minecraft:pink_petals":38,"minecraft:feather":2,"minecraft:cooked_beef":15,"minecraft:cherry_planks":1,"minecraft:iron_door":1,"minecraft:andesite":74,"intensehorror:freddys_claw":1,"intensehorror:double_pumpkin":8,"minecraft:potato":266,"intensehorror:hanging_reaper":7,"minecraft:tuff":2,"minecraft:dirt":1334,"minecraft:lapis_lazuli":289,"minecraft:lantern":6,"tacz:ammo_box":1,"minecraft:bone":119,"minecraft:stonecutter":2,"minecraft:bow":8,"minecraft:wheat_seeds":156,"intensehorror:wall_bats":15,"minecraft:raw_gold":44,"intensehorror:hanging_flags":15,"intensehorror:butchers_mask_helmet":1,"intensehorror:wall_flags":28,"minecraft:diamond_helmet":1,"minecraft:powered_rail":3,"minecraft:moss_block":1,"minecraft:oak_planks":14,"intensehorror:spooky_twig":1,"intensehorror:killer_knife":2,"intensehorror:music_disc_night_of_fright":13,"intensehorror:book_of_horror":6,"minecraft:cooked_porkchop":4,"minecraft:oak_pressure_plate":1,"minecraft:sand":50,"sophisticatedbackpacks:iron_backpack":2,"intensehorror:golden_candy_bag":3,"intensehorror:broken_letter":12,"minecraft:spectral_arrow":21,"minecraft:mossy_cobblestone":2,"quark:birch_ladder":3,"intensehorror:cherry_candy":23,"intensehorror:death_sickle":3,"intensehorror:orange_candy":26,"minecraft:sugar":2,"quark:blossom_planks_stairs":1,"minecraft:diamond":3,"artifacts:crystal_heart":1,"minecraft:cracked_polished_blackstone_bricks":30,"minecraft:granite":28,"minecraft:spruce_sign":11,"minecraft:bread":7,"minecraft:emerald":2,"minecraft:oak_sapling":223,"minecraft:netherrack":1056,"intensehorror:spider":3,"minecraft:charcoal":1,"minecraft:crafting_table":3,"intensehorror:hanging_ghost":1,"artifacts:night_vision_goggles":1,"minecraft:chicken":1,"intensehorror:lunar_tablet":12,"intensehorror:scarecrow":9,"intensehorror:vampire_dagger":2,"minecraft:gold_block":31,"minecraft:chain":1,"intensehorror:lemon_candy":27,"intensehorror:hanging_pumpkins":7,"minecraft:cornflower":4,"minecraft:moss_carpet":2,"minecraft:blackstone":38,"tacz:ammo":1430,"minecraft:cracked_stone_bricks":7,"minecraft:beef":15,"intensehorror:horsemans_head_helmet":1,"minecraft:iron_nugget":31,"minecraft:poppy":10,"quark:yellow_blossom_sapling":4,"minecraft:chest":1,"minecraft:birch_sapling":94,"minecraft:cherry_button":1,"intensehorror:brain_in_a_jar":6,"minecraft:raw_iron":287,"intensehorror:ectoplasm":70,"minecraft:oak_door":1,"minecraft:fire_charge":1,"minecraft:polished_blackstone_bricks":90,"quark:deepslate_furnace":1,"intensehorror:cooked_meat":11,"intensehorror:charged_staff":1,"minecraft:carrot":7,"minecraft:redstone":129,"minecraft:blue_carpet":1,"minecraft:arrow":277,"minecraft:diamond_chestplate":1,"minecraft:hay_block":13,"minecraft:mutton":5,"minecraft:white_wool":4,"minecraft:rail":15,"minecraft:oxeye_daisy":6,"minecraft:basalt":11,"minecraft:dark_oak_button":1,"artifacts:eternal_steak":3,"minecraft:glow_ink_sac":3,"minecraft:leather":23,"minecraft:birch_planks":15,"intensehorror:mothman_eyes":9,"minecraft:oak_log":503,"artifacts:superstitious_hat":1,"minecraft:lily_pad":2,"intensehorror:candy_bag":17,"minecraft:yellow_bed":2,"minecraft:gunpowder":13,"minecraft:cobblestone_stairs":5,"sanitydim:garland":4,"minecraft:blue_bed":5,"minecraft:paper":7,"intensehorror:michael_myers_mask_helmet":1,"minecraft:cooked_mutton":1,"minecraft:apple":28,"minecraft:kelp":3,"intensehorror:black_cat":9,"minecraft:iron_ingot":14,"minecraft:cooked_chicken":1,"minecraft:glass_bottle":1,"intensehorror:stacked_jack_o_lantern":2,"intensehorror:raw_meat":17,"minecraft:oak_slab":16,"intensehorror:apple_candy":31,"minecraft:birch_boat":1,"minecraft:pumpkin":9,"minecraft:quartz":64,"minecraft:dandelion":29,"minecraft:gravel":58,"intensehorror:unholy_book":2,"intensehorror:hanging_pumpkin_lights":6,"minecraft:spruce_sapling":129,"minecraft:white_bed":2,"minecraft:spruce_log":862,"quark:blossom_trapdoor":13,"minecraft:crying_obsidian":4,"quark:oak_chest":6,"minecraft:spider_eye":4,"minecraft:leather_helmet":3,"minecraft:oak_wood":4,"intensehorror:jason_mask_helmet":6,"minecraft:stone_axe":1,"quark:cobblestone_vertical_slab":25,"intensehorror:strawberry_candy":30,"tacz:modern_kinetic_gun":1,"intensehorror:laying_skeleton":3,"intensehorror:ghostface_mask_helmet":1,"minecraft:iron_helmet":3,"minecraft:cherry_sapling":18,"minecraft:oak_button":2,"minecraft:black_wool":1,"minecraft:coal":303,"minecraft:smooth_quartz_slab":1}},"DataVersion":3465}