{"stats":{"minecraft:killed_by":{"intensehorror:swamp_thing":1,"intensehorror:pinhead":1,"sanitydim:rotting_stalker":5,"intensehorror:demon":1,"intensehorror:freddy_krueger":1,"intensehorror:reaper":2,"intensehorror:vampire":1,"shy_guy:shy_guy_rage":2,"intensehorror:severed_hand":1,"intensehorror:butcher":1,"cave_dweller:cave_dweller":1,"intensehorror:ghostface":4,"sanitydim:sneaking_terror":4,"minecraft:player":6,"intensehorror:creature_from_the_deep":2},"minecraft:used":{"intensehorror:chucky_doll":1,"minecraft:moss_block":1,"intensehorror:freddys_claw":173,"minecraft:smooth_quartz_slab":1,"minecraft:chest":1,"intensehorror:hanging_skeleton":1,"minecraft:rotten_flesh":4,"quark:cherry_chest":2,"intensehorror:cherry_candy":4,"intensehorror:wall_flags":6,"intensehorror:ghostface_mask_helmet":2,"quark:birch_ladder":24,"minecraft:birch_sapling":18,"minecraft:cherry_button":2,"minecraft:dark_oak_button":1,"minecraft:bow":39,"minecraft:oak_sapling":27,"minecraft:furnace":8,"minecraft:potato":26,"minecraft:seagrass":2,"minecraft:diorite":29,"intensehorror:hanging_reaper":8,"minecraft:blackstone":4,"minecraft:wooden_pickaxe":2,"artifacts:eternal_steak":2,"minecraft:sand":21,"minecraft:blast_furnace":1,"intensehorror:killer_knife":226,"minecraft:lightning_rod":1,"intensehorror:black_cat":6,"minecraft:oak_pressure_plate":1,"minecraft:fire_charge":1,"minecraft:wooden_sword":12,"minecraft:stone_sword":104,"minecraft:cooked_salmon":1,"minecraft:netherrack":245,"minecraft:torch":303,"minecraft:anvil":2,"intensehorror:apple_candy":2,"minecraft:iron_axe":1172,"minecraft:basalt":1,"minecraft:beef":2,"minecraft:iron_trapdoor":3,"minecraft:cobbled_deepslate":67,"minecraft:wheat_seeds":19,"minecraft:water_bucket":33,"minecraft:birch_planks":370,"minecraft:cherry_planks":1,"minecraft:fletching_table":2,"minecraft:cracked_stone_bricks":1,"minecraft:polished_blackstone_bricks":20,"intensehorror:jack_o_scarecrow":4,"minecraft:mossy_cobblestone":2,"minecraft:crafting_table":10,"minecraft:white_bed":10,"minecraft:campfire":9,"intensehorror:jason_mask_helmet":1,"minecraft:oak_log":251,"minecraft:diamond_pickaxe":1758,"minecraft:diamond_shovel":821,"minecraft:oak_button":4,"minecraft:suspicious_stew":2,"minecraft:iron_pickaxe":2817,"minecraft:spruce_sapling":56,"minecraft:cobblestone":1454,"minecraft:cooked_porkchop":19,"quark:blossom_trapdoor":43,"quark:oak_chest":22,"minecraft:kelp":1,"minecraft:cherry_sapling":2,"minecraft:iron_shovel":506,"intensehorror:hanging_pumpkin_lights":4,"minecraft:oak_sign":2,"minecraft:iron_sword":212,"minecraft:iron_chestplate":1,"minecraft:carrot":7,"minecraft:tuff":2,"minecraft:milk_bucket":2,"quark:deepslate_furnace":1,"minecraft:lantern":11,"minecraft:birch_trapdoor":4,"quark:blossom_chest":9,"minecraft:dark_oak_sapling":1,"minecraft:diamond_boots":1,"intensehorror:stacked_jack_o_lantern":1,"minecraft:stone_pickaxe":275,"minecraft:oak_planks":10,"minecraft:blue_bed":5,"minecraft:diamond_axe":89,"minecraft:sugar_cane":5,"intensehorror:death_sickle":267,"intensehorror:sitting_skeleton":2,"minecraft:bread":118,"minecraft:iron_door":1,"minecraft:gravel":407,"intensehorror:strawberry_candy":13,"minecraft:andesite":24,"minecraft:chain":30,"minecraft:smooth_stone_slab":1,"minecraft:bone_meal":93,"minecraft:oak_fence":14,"sophisticatedbackpacks:iron_backpack":1,"quark:birch_chest":9,"minecraft:flint_and_steel":1,"minecraft:stone_shovel":715,"tacz:gun_smith_table":1,"intensehorror:orange_candy":3,"minecraft:stone_hoe":84,"minecraft:oak_door":1,"minecraft:dirt":1201,"tacz:workbench_a":1,"minecraft:diamond_helmet":1,"minecraft:oak_wood":14,"minecraft:granite":18,"minecraft:birch_door":2,"minecraft:wooden_axe":19,"minecraft:oak_stairs":5,"minecraft:iron_boots":1,"intensehorror:cooked_meat":17,"intensehorror:lemon_candy":3,"minecraft:cooked_beef":31,"intensehorror:brain_in_a_jar":1,"minecraft:pumpkin":2,"minecraft:cooked_mutton":4,"minecraft:cobblestone_stairs":16,"minecraft:baked_potato":265,"minecraft:birch_boat":1,"intensehorror:hanging_ghost":1,"minecraft:spruce_sign":1,"minecraft:stonecutter":2,"minecraft:cobblestone_slab":17,"quark:cobblestone_vertical_slab":160,"minecraft:smoker":1,"quark:diorite_bricks_stairs":3,"minecraft:wooden_hoe":3,"intensehorror:laying_skeleton":3,"minecraft:apple":7,"minecraft:cracked_polished_blackstone_bricks":4,"quark:blossom_planks_stairs":29,"minecraft:stone_axe":23,"minecraft:pink_petals":38,"minecraft:bucket":36,"minecraft:pumpkin_pie":8,"minecraft:wither_rose":1},"minecraft:mined":{"minecraft:white_bed":9,"minecraft:granite":34,"minecraft:oak_pressure_plate":1,"minecraft:blue_wool":3,"minecraft:oxeye_daisy":4,"minecraft:spawner":4,"minecraft:tall_seagrass":2,"minecraft:polished_blackstone_bricks":94,"minecraft:magma_block":19,"quark:blossom_chest":4,"minecraft:fire":1,"minecraft:cobbled_deepslate":2,"minecraft:pumpkin":22,"intensehorror:black_cat":5,"minecraft:deepslate_lapis_ore":11,"minecraft:fletching_table":2,"minecraft:oak_sign":2,"minecraft:dirt_path":98,"amendments:wall_lantern":3,"minecraft:oak_stairs":75,"minecraft:torch":71,"minecraft:smooth_quartz_slab":1,"minecraft:sugar_cane":56,"minecraft:spruce_sign":6,"minecraft:chain":1,"minecraft:wheat":4,"minecraft:wither_rose":1,"minecraft:grass":173,"minecraft:stonecutter":2,"minecraft:deepslate":73,"minecraft:mossy_cobblestone":2,"intensehorror:hanging_reaper":1,"intensehorror:wall_flags":1,"intensehorror:sitting_skeleton":1,"minecraft:redstone_ore":20,"minecraft:andesite":79,"minecraft:potatoes":1,"minecraft:cobblestone_slab":5,"minecraft:oak_slab":9,"minecraft:cherry_planks":1,"quark:oak_chest":6,"minecraft:dandelion":30,"minecraft:cornflower":5,"minecraft:emerald_ore":2,"endofherobrine:glowing_obsidian":1,"minecraft:copper_ore":378,"minecraft:tall_grass":30,"minecraft:deepslate_gold_ore":17,"endofherobrine:mossy_stone_bricks":9,"minecraft:diorite":75,"minecraft:spruce_log":1,"minecraft:birch_leaves":1,"quark:deepslate_furnace":1,"minecraft:gravel":437,"minecraft:dripstone_block":2,"minecraft:cobweb":21,"minecraft:gold_ore":26,"minecraft:iron_trapdoor":3,"minecraft:spruce_planks":1,"minecraft:oak_sapling":1,"quark:cherry_chest":2,"minecraft:cobblestone_stairs":3,"minecraft:brewing_stand":1,"minecraft:grass_block":854,"sophisticatedbackpacks:iron_backpack":1,"minecraft:cracked_polished_blackstone_bricks":32,"minecraft:iron_ore":272,"minecraft:azure_bluet":2,"minecraft:pointed_dripstone":8,"intensehorror:laying_skeleton":2,"minecraft:deepslate_redstone_ore":9,"minecraft:blackstone":15,"quark:white_corundum_cluster":5,"minecraft:poppy":3,"minecraft:chest":1,"minecraft:nether_quartz_ore":82,"minecraft:cobblestone":270,"graveyard:lying_skeleton":1,"minecraft:oak_planks":14,"minecraft:iron_door":1,"minecraft:wall_torch":37,"minecraft:deepslate_copper_ore":23,"minecraft:pink_petals":16,"minecraft:birch_log":3,"quark:birch_ladder":3,"minecraft:oak_log":29,"minecraft:sand":59,"minecraft:dirt":268,"minecraft:netherrack":1151,"minecraft:oak_leaves":8,"minecraft:nether_gold_ore":32,"minecraft:tuff":2,"minecraft:deepslate_diamond_ore":3,"minecraft:oak_door":1,"minecraft:stone_button":1,"intensehorror:hanging_pumpkin_lights":2,"minecraft:hay_block":12,"minecraft:furnace":4,"treechop:chopped_log":120,"minecraft:gold_block":33,"minecraft:deepslate_iron_ore":41,"minecraft:lantern":3,"quark:blossom_trapdoor":14,"minecraft:stone":1508,"minecraft:podzol":25,"quark:cobblestone_vertical_slab":24,"minecraft:basalt":11,"minecraft:oak_fence":8,"minecraft:crafting_table":3,"minecraft:oak_wood":4,"minecraft:deepslate_coal_ore":28,"minecraft:lapis_ore":33,"minecraft:lily_pad":1,"minecraft:blue_bed":4,"minecraft:birch_planks":14,"quark:blossom_planks_stairs":1,"intensehorror:double_pumpkin":2,"minecraft:yellow_bed":2,"minecraft:coal_ore":366,"graveyard:leaning_skeleton":1,"minecraft:cracked_stone_bricks":9},"minecraft:killed":{"intensehorror:the_possessed":14,"intensehorror:fritz":16,"intensehorror:demon":11,"sanitydim:sneaking_terror":2,"minecraft:skeleton":69,"intensehorror:butcher":16,"the_knocker:knocker":1,"minecraft:chicken":1,"intensehorror:werewolf":10,"themimic_er:mimicer":1,"intensehorror:reaper":8,"intensehorror:headless_horseman":8,"intensehorror:chucky":17,"minecraft:magma_cube":11,"minecraft:salmon":1,"minecraft:iron_golem":3,"minecraft:zombie":71,"minecraft:cow":7,"intensehorror:severed_hand":13,"intensehorror:deadly_sphere":16,"eyesinthedarkness:eyes":1,"intensehorror:freddy_krueger":12,"intensehorror:mad_professor":8,"intensehorror:swamp_thing":12,"graveyard:ghoul":1,"intensehorror:skelegang":5,"intensehorror:vampire":2,"intensehorror:clown":8,"intensehorror:cursed_scarecrow":6,"intensehorror:mothman":10,"intensehorror:jason_voorhees":5,"intensehorror:ghost":12,"endofherobrine:silverfish":7,"endofherobrine:pig":1,"intensehorror:vampire_bat":15,"minecraft:witch":1,"minecraft:zombified_piglin":15,"minecraft:spider":10,"intensehorror:mourning_wood":2,"minecraft:piglin_brute":13,"minecraft:piglin":5,"minecraft:pig":7,"minecraft:creeper":20,"intensehorror:player_sphere":1,"minecraft:sheep":3,"intensehorror:frankenstein":10,"intensehorror:michael_myers":11,"intensehorror:treater":1,"minecraft:ghast":2,"endofherobrine:cow":2,"cave_dweller:cave_dweller":3,"apollyon:the_damned":6,"sanitydim:rotting_stalker":2,"midnightlurker:midnight_lurker_stalking":1,"boiled_reimagined:the_boiled_one":4,"minecraft:phantom":1,"intensehorror:mummy":10,"intensehorror:pinhead":9,"intensehorror:creature_from_the_deep":6,"quark:foxhound":4,"intensehorror:ghostface":7,"endofherobrine:sheep":4},"minecraft:broken":{"minecraft:diamond_helmet":1,"minecraft:stone_sword":1,"intensehorror:ghostface_mask_helmet":1,"minecraft:diamond_leggings":1,"minecraft:iron_axe":3,"minecraft:iron_pickaxe":10,"minecraft:iron_helmet":1,"minecraft:iron_shovel":2,"sanitydim:garland":16,"minecraft:stone_pickaxe":1,"minecraft:diamond_boots":1,"minecraft:stone_shovel":5,"minecraft:diamond_chestplate":1,"intensehorror:jason_mask_helmet":1},"minecraft:custom":{"minecraft:interact_with_crafting_table":141,"minecraft:open_barrel":2,"minecraft:leave_game":26,"minecraft:time_since_death":5977,"minecraft:play_time":1285361,"minecraft:deaths":63,"minecraft:jump":10056,"minecraft:interact_with_furnace":102,"minecraft:traded_with_villager":202,"minecraft:sleep_in_bed":24,"minecraft:damage_dealt":75647,"minecraft:interact_with_smoker":16,"minecraft:interact_with_anvil":3,"minecraft:sneak_time":15502,"minecraft:interact_with_blast_furnace":27,"minecraft:total_world_time":1285361,"minecraft:interact_with_stonecutter":15,"minecraft:time_since_rest":4632,"minecraft:swim_one_cm":230480,"minecraft:fly_one_cm":1348336,"minecraft:open_chest":1293,"minecraft:fall_one_cm":316578,"lootr:looted_stat":31,"minecraft:sprint_one_cm":4220164,"minecraft:drop":123,"minecraft:talked_to_villager":86,"minecraft:interact_with_brewingstand":1,"minecraft:walk_on_water_one_cm":102904,"minecraft:crouch_one_cm":29655,"minecraft:mob_kills":599,"minecraft:interact_with_campfire":26,"minecraft:climb_one_cm":50290,"minecraft:walk_one_cm":3261595,"minecraft:walk_under_water_one_cm":98369,"minecraft:boat_one_cm":80214,"minecraft:damage_taken":78847,"minecraft:minecart_one_cm":57356},"minecraft:picked_up":{"intensehorror:sitting_skeleton":2,"minecraft:seagrass":2,"minecraft:iron_chestplate":1,"minecraft:anvil":1,"minecraft:suspicious_stew":1,"intensehorror:pumpkin_launcher":2,"minecraft:oak_stairs":75,"minecraft:wither_rose":22,"minecraft:brewing_stand":1,"intensehorror:tombstone":8,"minecraft:string":39,"intensehorror:jack_o_scarecrow":9,"intensehorror:nail":55,"minecraft:gold_nugget":145,"minecraft:diamond_leggings":1,"intensehorror:charged_core":2,"minecraft:cobbled_deepslate":79,"minecraft:spruce_planks":1,"intensehorror:double_jack_o_lantern":11,"quark:cherry_chest":2,"quark:blossom_log":166,"minecraft:golden_axe":2,"minecraft:cherry_log":24,"minecraft:stone_sword":3,"intensehorror:toxic_flask":4,"minecraft:birch_log":271,"minecraft:magma_block":18,"minecraft:cooked_beef":15,"minecraft:feather":2,"minecraft:iron_door":1,"minecraft:water_bucket":1,"minecraft:flint":41,"minecraft:lantern":6,"tacz:ammo_box":1,"minecraft:stonecutter":2,"intensehorror:wall_bats":15,"intensehorror:wall_flags":31,"intensehorror:butchers_mask_helmet":2,"minecraft:diamond_helmet":1,"minecraft:moss_block":1,"intensehorror:music_disc_night_of_fright":18,"sophisticatedbackpacks:iron_backpack":2,"intensehorror:golden_candy_bag":6,"minecraft:dark_oak_log":39,"quark:birch_ladder":3,"intensehorror:orange_candy":26,"quark:blossom_planks_stairs":1,"artifacts:crystal_heart":1,"minecraft:granite":28,"minecraft:bread":7,"minecraft:diamond_pickaxe":1,"intensehorror:spider":3,"minecraft:crafting_table":3,"intensehorror:hanging_ghost":1,"intensehorror:lunar_tablet":17,"intensehorror:vampire_dagger":2,"minecraft:cornflower":5,"intensehorror:hanging_pumpkins":11,"intensehorror:lemon_candy":27,"tacz:ammo":2960,"minecraft:cracked_stone_bricks":7,"minecraft:beef":16,"intensehorror:horsemans_head_helmet":3,"minecraft:iron_nugget":31,"minecraft:poppy":12,"quark:yellow_blossom_sapling":14,"minecraft:chest":1,"minecraft:birch_sapling":94,"minecraft:cherry_button":1,"minecraft:egg":2,"intensehorror:ectoplasm":75,"minecraft:oak_door":1,"minecraft:fire_charge":1,"intensehorror:cooked_meat":11,"intensehorror:charged_staff":1,"minecraft:carrot":7,"minecraft:redstone":129,"intensehorror:exorcist_book":1,"minecraft:blue_carpet":1,"minecraft:diamond_chestplate":1,"minecraft:hay_block":13,"minecraft:mutton":8,"minecraft:rail":15,"minecraft:white_wool":5,"minecraft:oxeye_daisy":8,"intensehorror:mothman_eyes":12,"intensehorror:pitchfork_block":2,"minecraft:oak_log":503,"minecraft:lily_pad":2,"intensehorror:candy_bag":21,"sanitydim:garland":4,"minecraft:blue_bed":5,"minecraft:paper":9,"minecraft:apple":96,"minecraft:kelp":3,"minecraft:glass_bottle":1,"intensehorror:stacked_jack_o_lantern":3,"intensehorror:raw_meat":28,"minecraft:gravel":452,"intensehorror:unholy_book":2,"intensehorror:hanging_pumpkin_lights":8,"minecraft:spruce_sapling":150,"minecraft:spruce_log":1142,"minecraft:leather_helmet":3,"minecraft:crying_obsidian":4,"minecraft:oak_wood":4,"minecraft:stone_axe":1,"quark:cobblestone_vertical_slab":25,"tacz:modern_kinetic_gun":3,"intensehorror:laying_skeleton":3,"minecraft:oak_button":2,"minecraft:smooth_quartz_slab":1,"intensehorror:autumnal_leaves":40,"minecraft:wheat":123,"minecraft:iron_trapdoor":3,"minecraft:nether_brick":3,"minecraft:raw_copper":1618,"minecraft:oak_sign":3,"intensehorror:undead_necklace":4,"minecraft:cobblestone_slab":5,"minecraft:iron_pickaxe":3,"minecraft:furnace":6,"minecraft:blue_wool":4,"minecraft:stick":283,"intensehorror:hanging_skeleton":2,"minecraft:oak_fence":8,"minecraft:torch":194,"intensehorror:stacked_pumpkin":4,"minecraft:porkchop":16,"minecraft:pointed_dripstone":9,"minecraft:diorite":71,"minecraft:vine":1,"intensehorror:broken_bat_wing":7,"minecraft:rotten_flesh":134,"minecraft:music_disc_ward":1,"intensehorror:demon_book":2,"quark:blossom_chest":4,"intensehorror:chucky_doll":1,"minecraft:obsidian":3,"minecraft:cobblestone":1802,"minecraft:pink_petals":42,"minecraft:cherry_planks":1,"minecraft:andesite":79,"intensehorror:freddys_claw":1,"intensehorror:double_pumpkin":12,"minecraft:potato":374,"intensehorror:hanging_reaper":8,"minecraft:tuff":2,"minecraft:lapis_lazuli":289,"minecraft:dirt":1428,"minecraft:bone":146,"minecraft:bow":9,"minecraft:wheat_seeds":246,"minecraft:raw_gold":44,"intensehorror:hanging_flags":24,"minecraft:fletching_table":2,"minecraft:powered_rail":3,"minecraft:oak_planks":14,"intensehorror:spooky_twig":1,"intensehorror:killer_knife":3,"intensehorror:book_of_horror":6,"minecraft:cooked_porkchop":4,"minecraft:oak_pressure_plate":1,"minecraft:poisonous_potato":2,"minecraft:sand":87,"minecraft:spectral_arrow":21,"intensehorror:broken_letter":18,"minecraft:mossy_cobblestone":2,"intensehorror:death_sickle":3,"intensehorror:cherry_candy":23,"minecraft:sugar":2,"minecraft:diamond":3,"minecraft:cracked_polished_blackstone_bricks":30,"minecraft:spruce_sign":11,"minecraft:emerald":2,"minecraft:oak_sapling":224,"minecraft:netherrack":1178,"minecraft:charcoal":1,"quark:white_corundum_cluster":5,"minecraft:azure_bluet":2,"artifacts:night_vision_goggles":1,"minecraft:chicken":1,"intensehorror:scarecrow":11,"minecraft:gold_block":31,"minecraft:chain":1,"minecraft:moss_carpet":2,"minecraft:blackstone":38,"minecraft:light_gray_wool":1,"minecraft:sugar_cane":103,"minecraft:dark_oak_sapling":8,"intensehorror:brain_in_a_jar":6,"minecraft:raw_iron":346,"minecraft:bowl":4,"minecraft:polished_blackstone_bricks":90,"quark:deepslate_furnace":1,"minecraft:cookie":18,"minecraft:arrow":291,"intensehorror:sand_blaster":2,"minecraft:basalt":11,"minecraft:dark_oak_button":1,"artifacts:eternal_steak":3,"minecraft:glow_ink_sac":3,"minecraft:salmon":1,"minecraft:leather":34,"minecraft:birch_planks":15,"artifacts:superstitious_hat":1,"minecraft:yellow_bed":2,"minecraft:gunpowder":23,"minecraft:cobblestone_stairs":5,"intensehorror:michael_myers_mask_helmet":1,"minecraft:cooked_mutton":1,"intensehorror:black_cat":9,"minecraft:iron_ingot":23,"minecraft:cooked_chicken":1,"minecraft:oak_slab":16,"intensehorror:apple_candy":31,"minecraft:pumpkin":22,"minecraft:birch_boat":1,"minecraft:quartz":82,"minecraft:dandelion":35,"minecraft:white_bed":9,"quark:blossom_trapdoor":13,"quark:oak_chest":6,"minecraft:spider_eye":8,"intensehorror:jason_mask_helmet":7,"intensehorror:strawberry_candy":30,"intensehorror:ghostface_mask_helmet":1,"minecraft:iron_helmet":3,"minecraft:cherry_sapling":18,"minecraft:black_wool":1,"minecraft:coal":516},"minecraft:crafted":{"minecraft:smooth_stone":64,"quark:birch_chest":9,"minecraft:birch_boat":1,"minecraft:chain":29,"sophisticatedbackpacks:crafting_upgrade":1,"minecraft:diamond_shovel":1,"quark:deepslate_furnace":1,"minecraft:cooked_mutton":3,"minecraft:diamond_helmet":1,"minecraft:diamond_leggings":1,"minecraft:birch_door":3,"minecraft:name_tag":1,"minecraft:emerald":192,"minecraft:cooked_porkchop":14,"minecraft:diamond_axe":1,"minecraft:copper_ingot":801,"minecraft:oak_wood":15,"minecraft:campfire":9,"minecraft:wooden_hoe":1,"quark:oak_chest":17,"minecraft:iron_pickaxe":12,"minecraft:iron_block":3,"minecraft:gold_ingot":87,"minecraft:stone_shovel":5,"minecraft:iron_nugget":162,"minecraft:bone_meal":177,"sanitydim:garland":15,"quark:blossom_chest":5,"intensehorror:jack_o_scarecrow":4,"minecraft:lantern":5,"minecraft:diamond":27,"minecraft:ender_pearl":1,"minecraft:stone_pickaxe":3,"minecraft:diamond_boots":2,"intensehorror:death_sickle":1,"quark:spruce_chest":1,"minecraft:wheat":99,"tacz:gun_smith_table":1,"minecraft:leather_helmet":2,"minecraft:enchanted_book":2,"minecraft:birch_trapdoor":4,"minecraft:gunpowder":123,"minecraft:wooden_axe":1,"minecraft:oak_stairs":12,"minecraft:iron_shovel":2,"minecraft:iron_leggings":2,"minecraft:white_bed":1,"minecraft:oak_planks":232,"minecraft:cooked_chicken":1,"minecraft:lightning_rod":1,"quark:birch_ladder":36,"minecraft:cobblestone_stairs":6,"minecraft:stone":64,"quark:cherry_chest":1,"minecraft:bow":1,"minecraft:iron_boots":2,"minecraft:oak_button":3,"minecraft:stone_hoe":1,"minecraft:oak_fence":9,"minecraft:golden_boots":1,"minecraft:smoker":1,"sophisticatedbackpacks:backpack":1,"quark:blossom_planks":460,"minecraft:crafting_table":8,"minecraft:spruce_planks":2568,"minecraft:iron_helmet":2,"minecraft:baked_potato":323,"tacz:ammo_box":2,"minecraft:wooden_pickaxe":1,"minecraft:cherry_button":2,"minecraft:birch_planks":752,"sophisticatedbackpacks:upgrade_base":1,"minecraft:iron_chestplate":3,"minecraft:charcoal":361,"minecraft:diamond_pickaxe":2,"minecraft:shield":1,"minecraft:stick":6192,"minecraft:iron_ingot":294,"quark:blossom_planks_stairs":44,"quark:blossom_trapdoor":30,"minecraft:cherry_planks":12,"minecraft:wooden_sword":1,"minecraft:furnace":5,"minecraft:blast_furnace":1,"minecraft:oak_trapdoor":16,"minecraft:flint_and_steel":1,"minecraft:iron_axe":3,"sophisticatedbackpacks:iron_backpack":1,"minecraft:cooked_beef":11,"minecraft:sugar":98,"minecraft:iron_trapdoor":5,"minecraft:iron_sword":1,"minecraft:bucket":4,"minecraft:bread":54,"minecraft:air":0,"tacz:workbench_a":1,"minecraft:anvil":1,"minecraft:torch":136,"minecraft:diamond_chestplate":1},"minecraft:dropped":{"sophisticatedbackpacks:iron_backpack":1,"minecraft:cooked_beef":5,"intensehorror:book_of_horror":2,"minecraft:crafting_table":1,"minecraft:leather_helmet":3,"minecraft:gold_block":4,"minecraft:dirt":64,"minecraft:iron_pickaxe":1,"minecraft:stone_axe":2,"minecraft:cooked_chicken":2,"minecraft:cobbled_deepslate":4,"minecraft:rotten_flesh":12,"minecraft:enchanted_book":1,"intensehorror:hanging_pumpkin_lights":2,"intensehorror:wall_bats":6,"minecraft:string":2,"artifacts:bunny_hoppers":1,"minecraft:furnace":2,"minecraft:bowl":2,"intensehorror:charged_staff":1,"minecraft:name_tag":1,"intensehorror:sand_blaster":1,"minecraft:potato":18,"minecraft:diamond_pickaxe":1,"artifacts:eternal_steak":3,"minecraft:birch_planks":34,"minecraft:oak_log":64,"minecraft:leather":2,"minecraft:cracked_polished_blackstone_bricks":1,"minecraft:polished_blackstone_bricks":29,"minecraft:gold_ingot":16,"intensehorror:cooked_meat":2,"intensehorror:toxic_flask":2,"minecraft:blackstone":6,"intensehorror:undead_necklace":3,"minecraft:carrot":6,"minecraft:gunpowder":23,"minecraft:basalt":1,"minecraft:arrow":10,"minecraft:powered_rail":3,"minecraft:netherrack":238,"minecraft:torch":1,"intensehorror:music_disc_night_of_fright":1,"tacz:modern_kinetic_gun":1,"minecraft:smooth_basalt":1,"intensehorror:ectoplasm":41,"intensehorror:ghostface_mask_helmet":1,"minecraft:iron_chestplate":1,"minecraft:andesite":1,"sanitydim:garland":4,"minecraft:stone_pickaxe":2}},"DataVersion":3465}