{"stats":{"minecraft:killed":{"endofherobrine:silverfish":7,"endofherobrine:pig":1,"intensehorror:vampire_bat":5,"minecraft:witch":1,"intensehorror:the_possessed":3,"intensehorror:fritz":7,"minecraft:spider":7,"intensehorror:demon":3,"sanitydim:sneaking_terror":1,"minecraft:skeleton":28,"intensehorror:butcher":2,"minecraft:chicken":1,"intensehorror:werewolf":3,"intensehorror:reaper":1,"intensehorror:chucky":4,"minecraft:pig":6,"minecraft:creeper":9,"minecraft:sheep":1,"intensehorror:frankenstein":4,"intensehorror:michael_myers":3,"minecraft:zombie":35,"cave_dweller:cave_dweller":3,"endofherobrine:cow":2,"apollyon:the_damned":3,"minecraft:cow":7,"intensehorror:severed_hand":3,"midnightlurker:midnight_lurker_stalking":1,"intensehorror:deadly_sphere":1,"sanitydim:rotting_stalker":1,"minecraft:phantom":1,"intensehorror:freddy_krueger":3,"intensehorror:pinhead":3,"intensehorror:mad_professor":2,"intensehorror:creature_from_the_deep":2,"intensehorror:swamp_thing":2,"intensehorror:skelegang":2,"intensehorror:ghostface":1,"intensehorror:clown":3,"intensehorror:cursed_scarecrow":2,"intensehorror:mothman":4,"intensehorror:jason_voorhees":1,"endofherobrine:sheep":4,"intensehorror:ghost":7},"minecraft:used":{"minecraft:moss_block":1,"intensehorror:freddys_claw":26,"minecraft:iron_shovel":173,"minecraft:chest":1,"minecraft:iron_sword":207,"intensehorror:hanging_skeleton":1,"minecraft:rotten_flesh":4,"minecraft:iron_chestplate":1,"quark:cherry_chest":1,"intensehorror:cherry_candy":4,"minecraft:carrot":7,"intensehorror:ghostface_mask_helmet":2,"minecraft:milk_bucket":2,"quark:birch_ladder":21,"quark:deepslate_furnace":1,"minecraft:lantern":8,"minecraft:birch_sapling":18,"quark:blossom_chest":8,"minecraft:bow":30,"minecraft:oak_sapling":27,"minecraft:furnace":6,"minecraft:potato":26,"minecraft:diorite":14,"minecraft:stone_pickaxe":148,"minecraft:oak_planks":10,"minecraft:wooden_pickaxe":2,"minecraft:blue_bed":5,"minecraft:sand":20,"minecraft:lightning_rod":1,"intensehorror:sitting_skeleton":2,"intensehorror:black_cat":2,"minecraft:bread":88,"minecraft:oak_pressure_plate":1,"minecraft:iron_door":1,"intensehorror:strawberry_candy":5,"minecraft:wooden_sword":12,"minecraft:andesite":4,"minecraft:chain":10,"minecraft:bone_meal":18,"minecraft:oak_fence":14,"quark:birch_chest":9,"minecraft:stone_sword":104,"minecraft:stone_shovel":715,"intensehorror:orange_candy":3,"minecraft:cooked_salmon":1,"minecraft:stone_hoe":84,"minecraft:oak_door":1,"minecraft:torch":222,"minecraft:dirt":770,"intensehorror:apple_candy":2,"minecraft:oak_wood":9,"minecraft:granite":4,"minecraft:birch_door":2,"minecraft:wooden_axe":19,"minecraft:iron_axe":784,"minecraft:oak_stairs":5,"intensehorror:cooked_meat":13,"minecraft:beef":2,"intensehorror:lemon_candy":3,"minecraft:cooked_beef":31,"minecraft:cobbled_deepslate":32,"minecraft:wheat_seeds":17,"minecraft:cooked_mutton":4,"minecraft:water_bucket":1,"minecraft:cobblestone_stairs":6,"minecraft:birch_planks":319,"minecraft:baked_potato":61,"minecraft:birch_boat":1,"intensehorror:hanging_ghost":1,"minecraft:spruce_sign":1,"minecraft:stonecutter":1,"minecraft:mossy_cobblestone":2,"minecraft:crafting_table":8,"minecraft:campfire":6,"minecraft:white_bed":2,"quark:cobblestone_vertical_slab":52,"minecraft:oak_log":63,"minecraft:wooden_hoe":3,"minecraft:oak_button":2,"minecraft:suspicious_stew":1,"minecraft:iron_pickaxe":1585,"minecraft:spruce_sapling":20,"quark:blossom_planks_stairs":29,"minecraft:stone_axe":23,"minecraft:cobblestone":1154,"minecraft:cooked_porkchop":6,"minecraft:bucket":3,"quark:blossom_trapdoor":19,"quark:oak_chest":17},"minecraft:broken":{"sanitydim:garland":4,"minecraft:stone_pickaxe":1,"minecraft:stone_shovel":5,"minecraft:stone_sword":1,"intensehorror:ghostface_mask_helmet":1,"minecraft:iron_axe":3,"minecraft:iron_pickaxe":6,"minecraft:iron_helmet":1},"minecraft:dropped":{"minecraft:birch_planks":34,"minecraft:cooked_beef":5,"intensehorror:book_of_horror":2,"minecraft:crafting_table":1,"minecraft:gold_block":4,"minecraft:dirt":64,"minecraft:stone_axe":2,"minecraft:cooked_chicken":2,"minecraft:cobbled_deepslate":4,"minecraft:rotten_flesh":9,"intensehorror:undead_necklace":1,"minecraft:carrot":6,"minecraft:arrow":10,"intensehorror:hanging_pumpkin_lights":2,"minecraft:torch":1,"intensehorror:wall_bats":6,"intensehorror:music_disc_night_of_fright":1,"minecraft:string":2,"minecraft:smooth_basalt":1,"intensehorror:ectoplasm":39,"intensehorror:ghostface_mask_helmet":1,"minecraft:potato":18,"minecraft:iron_chestplate":1,"sanitydim:garland":4,"minecraft:stone_pickaxe":1},"minecraft:crafted":{"minecraft:oak_planks":188,"quark:birch_chest":9,"minecraft:birch_boat":1,"minecraft:cooked_chicken":1,"minecraft:chain":9,"minecraft:lightning_rod":1,"quark:birch_ladder":36,"minecraft:cobblestone_stairs":6,"quark:cherry_chest":1,"quark:deepslate_furnace":1,"minecraft:cooked_mutton":3,"minecraft:bow":1,"minecraft:oak_button":2,"minecraft:birch_door":3,"minecraft:stone_hoe":1,"minecraft:oak_fence":9,"quark:blossom_planks":168,"minecraft:cooked_porkchop":14,"minecraft:crafting_table":6,"minecraft:wooden_pickaxe":1,"minecraft:baked_potato":67,"minecraft:copper_ingot":287,"minecraft:oak_wood":6,"minecraft:birch_planks":488,"minecraft:campfire":6,"minecraft:iron_chestplate":1,"minecraft:wooden_hoe":1,"minecraft:charcoal":169,"minecraft:stick":48,"quark:oak_chest":13,"minecraft:iron_ingot":84,"minecraft:iron_pickaxe":6,"quark:blossom_planks_stairs":44,"quark:blossom_trapdoor":20,"minecraft:cherry_planks":8,"minecraft:wooden_sword":1,"minecraft:stone_shovel":5,"minecraft:iron_nugget":63,"minecraft:furnace":5,"minecraft:bone_meal":15,"sanitydim:garland":3,"quark:blossom_chest":4,"minecraft:oak_trapdoor":16,"minecraft:lantern":5,"minecraft:iron_axe":2,"minecraft:stone_pickaxe":1,"minecraft:wheat":99,"minecraft:cooked_beef":11,"minecraft:iron_sword":1,"minecraft:bucket":2,"minecraft:bread":36,"minecraft:air":0,"minecraft:wooden_axe":1,"minecraft:oak_stairs":12,"minecraft:iron_shovel":1,"minecraft:white_bed":1,"minecraft:torch":64},"minecraft:custom":{"lootr:looted_stat":18,"minecraft:interact_with_crafting_table":80,"minecraft:leave_game":17,"minecraft:time_since_death":15293,"minecraft:sprint_one_cm":1951073,"minecraft:drop":65,"minecraft:talked_to_villager":7,"minecraft:play_time":650393,"minecraft:deaths":37,"minecraft:jump":4920,"minecraft:interact_with_brewingstand":1,"minecraft:walk_on_water_one_cm":87872,"minecraft:interact_with_furnace":67,"minecraft:sleep_in_bed":13,"minecraft:damage_dealt":16404,"minecraft:crouch_one_cm":3160,"minecraft:interact_with_smoker":2,"minecraft:mob_kills":200,"minecraft:interact_with_campfire":13,"minecraft:climb_one_cm":11773,"minecraft:walk_one_cm":1689665,"minecraft:sneak_time":3895,"minecraft:walk_under_water_one_cm":92329,"minecraft:boat_one_cm":80214,"minecraft:total_world_time":650393,"minecraft:interact_with_stonecutter":5,"minecraft:time_since_rest":0,"minecraft:damage_taken":43750,"minecraft:swim_one_cm":206243,"minecraft:fly_one_cm":645297,"minecraft:open_chest":376,"minecraft:fall_one_cm":160930},"minecraft:picked_up":{"intensehorror:sitting_skeleton":2,"intensehorror:autumnal_leaves":25,"minecraft:iron_chestplate":1,"minecraft:wheat":3,"minecraft:oak_stairs":72,"minecraft:wither_rose":14,"intensehorror:tombstone":3,"minecraft:string":31,"minecraft:raw_copper":869,"intensehorror:jack_o_scarecrow":2,"intensehorror:nail":26,"minecraft:diamond_leggings":1,"minecraft:cobbled_deepslate":43,"minecraft:spruce_planks":1,"intensehorror:undead_necklace":2,"intensehorror:double_jack_o_lantern":4,"minecraft:furnace":1,"minecraft:blue_wool":4,"minecraft:stick":195,"intensehorror:hanging_skeleton":1,"minecraft:oak_fence":8,"quark:cherry_chest":1,"minecraft:torch":153,"quark:blossom_log":71,"minecraft:porkchop":15,"minecraft:cherry_log":15,"minecraft:pointed_dripstone":9,"minecraft:diorite":43,"minecraft:vine":1,"intensehorror:broken_bat_wing":2,"minecraft:rotten_flesh":59,"minecraft:music_disc_ward":1,"quark:blossom_chest":4,"intensehorror:toxic_flask":2,"minecraft:cobblestone":988,"minecraft:birch_log":203,"minecraft:pink_petals":37,"minecraft:feather":2,"minecraft:cooked_beef":15,"minecraft:iron_door":1,"minecraft:andesite":24,"intensehorror:freddys_claw":1,"intensehorror:double_pumpkin":4,"minecraft:potato":40,"minecraft:lapis_lazuli":139,"minecraft:dirt":905,"minecraft:lantern":3,"tacz:ammo_box":1,"minecraft:bone":61,"minecraft:stonecutter":1,"minecraft:bow":3,"minecraft:wheat_seeds":31,"intensehorror:wall_bats":12,"minecraft:raw_gold":36,"intensehorror:hanging_flags":12,"intensehorror:wall_flags":12,"intensehorror:butchers_mask_helmet":1,"minecraft:diamond_helmet":1,"minecraft:moss_block":1,"minecraft:oak_planks":14,"intensehorror:music_disc_night_of_fright":6,"intensehorror:book_of_horror":3,"minecraft:oak_pressure_plate":1,"minecraft:sand":48,"intensehorror:golden_candy_bag":1,"intensehorror:broken_letter":4,"minecraft:mossy_cobblestone":2,"intensehorror:cherry_candy":3,"intensehorror:orange_candy":4,"minecraft:sugar":2,"quark:blossom_planks_stairs":1,"artifacts:crystal_heart":1,"minecraft:granite":8,"minecraft:spruce_sign":3,"minecraft:bread":7,"minecraft:emerald":2,"minecraft:oak_sapling":172,"minecraft:crafting_table":2,"intensehorror:hanging_ghost":1,"artifacts:night_vision_goggles":1,"minecraft:chicken":1,"intensehorror:lunar_tablet":7,"intensehorror:scarecrow":3,"intensehorror:vampire_dagger":1,"minecraft:chain":1,"intensehorror:hanging_pumpkins":2,"minecraft:cornflower":1,"intensehorror:lemon_candy":6,"tacz:ammo":1080,"minecraft:cracked_stone_bricks":7,"minecraft:beef":15,"minecraft:poppy":5,"quark:yellow_blossom_sapling":4,"minecraft:chest":1,"minecraft:birch_sapling":73,"intensehorror:brain_in_a_jar":3,"minecraft:raw_iron":160,"intensehorror:ectoplasm":53,"minecraft:oak_door":1,"intensehorror:cooked_meat":5,"minecraft:carrot":7,"minecraft:redstone":65,"minecraft:blue_carpet":1,"minecraft:arrow":43,"minecraft:diamond_chestplate":1,"minecraft:hay_block":13,"minecraft:mutton":5,"minecraft:white_wool":4,"minecraft:oxeye_daisy":5,"minecraft:glow_ink_sac":3,"minecraft:leather":15,"minecraft:birch_planks":6,"intensehorror:mothman_eyes":3,"minecraft:oak_log":328,"minecraft:yellow_bed":2,"minecraft:gunpowder":10,"intensehorror:candy_bag":10,"sanitydim:garland":4,"minecraft:blue_bed":5,"minecraft:paper":2,"intensehorror:michael_myers_mask_helmet":1,"minecraft:cooked_mutton":1,"minecraft:apple":18,"minecraft:kelp":2,"intensehorror:black_cat":2,"minecraft:iron_ingot":7,"minecraft:cooked_chicken":1,"minecraft:glass_bottle":1,"intensehorror:stacked_jack_o_lantern":1,"intensehorror:raw_meat":7,"minecraft:oak_slab":16,"intensehorror:apple_candy":6,"minecraft:birch_boat":1,"minecraft:pumpkin":9,"minecraft:dandelion":23,"minecraft:gravel":1,"intensehorror:unholy_book":1,"intensehorror:hanging_pumpkin_lights":4,"minecraft:spruce_sapling":75,"minecraft:white_bed":1,"minecraft:spruce_log":445,"quark:oak_chest":5,"minecraft:spider_eye":2,"minecraft:oak_wood":3,"quark:cobblestone_vertical_slab":1,"intensehorror:jason_mask_helmet":3,"intensehorror:strawberry_candy":7,"minecraft:stone_axe":1,"tacz:modern_kinetic_gun":1,"intensehorror:ghostface_mask_helmet":1,"minecraft:cherry_sapling":13,"minecraft:black_wool":1,"minecraft:coal":126},"minecraft:killed_by":{"intensehorror:swamp_thing":1,"intensehorror:pinhead":1,"intensehorror:ghostface":4,"sanitydim:rotting_stalker":1,"intensehorror:demon":1,"intensehorror:freddy_krueger":1,"intensehorror:reaper":2,"sanitydim:sneaking_terror":3,"shy_guy:shy_guy_rage":2,"intensehorror:severed_hand":1,"minecraft:player":3,"intensehorror:butcher":1,"cave_dweller:cave_dweller":1,"intensehorror:creature_from_the_deep":2},"minecraft:mined":{"minecraft:spruce_planks":1,"minecraft:white_bed":1,"minecraft:oak_sapling":1,"quark:cherry_chest":1,"minecraft:granite":14,"minecraft:grass_block":591,"minecraft:oak_pressure_plate":1,"minecraft:blue_wool":3,"minecraft:oxeye_daisy":1,"minecraft:spawner":3,"quark:blossom_chest":4,"minecraft:cobbled_deepslate":2,"minecraft:iron_ore":147,"minecraft:pumpkin":9,"intensehorror:black_cat":2,"minecraft:deepslate_lapis_ore":1,"minecraft:pointed_dripstone":8,"minecraft:dirt_path":74,"amendments:wall_lantern":1,"minecraft:oak_stairs":73,"minecraft:torch":51,"minecraft:poppy":2,"minecraft:chest":1,"minecraft:cobblestone":103,"graveyard:lying_skeleton":1,"minecraft:oak_planks":14,"minecraft:iron_door":1,"minecraft:wall_torch":24,"minecraft:spruce_sign":2,"minecraft:deepslate_copper_ore":15,"minecraft:pink_petals":13,"minecraft:chain":1,"minecraft:wheat":4,"minecraft:grass":134,"minecraft:oak_log":7,"minecraft:dirt":115,"minecraft:sand":20,"minecraft:stonecutter":1,"minecraft:oak_leaves":2,"minecraft:deepslate":37,"minecraft:mossy_cobblestone":2,"minecraft:oak_door":1,"minecraft:stone_button":1,"intensehorror:sitting_skeleton":1,"minecraft:hay_block":12,"minecraft:redstone_ore":15,"minecraft:furnace":1,"minecraft:andesite":25,"treechop:chopped_log":86,"minecraft:potatoes":1,"minecraft:deepslate_iron_ore":8,"minecraft:lantern":2,"minecraft:stone":860,"minecraft:oak_slab":9,"quark:oak_chest":5,"quark:cobblestone_vertical_slab":1,"minecraft:dandelion":19,"minecraft:oak_fence":8,"minecraft:crafting_table":2,"minecraft:cornflower":1,"minecraft:emerald_ore":2,"minecraft:oak_wood":3,"minecraft:tall_grass":19,"minecraft:copper_ore":230,"minecraft:deepslate_coal_ore":1,"minecraft:lapis_ore":20,"minecraft:deepslate_gold_ore":16,"endofherobrine:mossy_stone_bricks":9,"minecraft:diorite":47,"minecraft:blue_bed":4,"minecraft:birch_planks":7,"quark:blossom_planks_stairs":1,"intensehorror:double_pumpkin":2,"minecraft:yellow_bed":2,"minecraft:coal_ore":125,"graveyard:leaning_skeleton":1,"minecraft:dripstone_block":2,"minecraft:cobweb":21,"minecraft:cracked_stone_bricks":9,"minecraft:gold_ore":19}},"DataVersion":3465}