{"stats":{"minecraft:custom":{"minecraft:interact_with_furnace":17,"lootr:looted_stat":4,"minecraft:interact_with_crafting_table":27,"minecraft:leave_game":1,"minecraft:time_since_death":150867,"minecraft:sleep_in_bed":5,"minecraft:climb_one_cm":14087,"minecraft:time_since_rest":57227,"minecraft:sprint_one_cm":120432,"minecraft:damage_taken":2174,"minecraft:walk_one_cm":300830,"minecraft:drop":2,"minecraft:fly_one_cm":57310,"minecraft:open_chest":68,"minecraft:crouch_one_cm":116,"minecraft:play_time":165565,"minecraft:deaths":1,"minecraft:sneak_time":53,"minecraft:jump":469,"minecraft:total_world_time":165565,"minecraft:fall_one_cm":8257},"minecraft:picked_up":{"minecraft:birch_log":30,"minecraft:crafting_table":1,"minecraft:wheat":11,"minecraft:potato":52,"minecraft:oak_log":16,"minecraft:cobblestone_stairs":4,"minecraft:dirt":48,"tacz:ammo":150,"minecraft:stone_bricks":1,"minecraft:wheat_seeds":17,"minecraft:birch_sapling":8,"minecraft:oak_planks":4,"minecraft:furnace":3,"minecraft:stick":11,"minecraft:torch":9,"minecraft:poisonous_potato":2,"minecraft:diorite":114,"minecraft:white_bed":1,"minecraft:mossy_cobblestone":2,"minecraft:arrow":2,"minecraft:oak_sapling":9,"minecraft:cobblestone":399},"minecraft:dropped":{"minecraft:poisonous_potato":2},"minecraft:mined":{"minecraft:white_bed":1,"minecraft:mossy_cobblestone":2,"minecraft:cobblestone_stairs":4,"minecraft:crafting_table":1,"minecraft:grass_block":5,"minecraft:cobblestone":7,"minecraft:oak_planks":4,"minecraft:diorite":114,"minecraft:wall_torch":5,"minecraft:furnace":3,"treechop:chopped_log":8,"minecraft:grass":2,"minecraft:dirt":48,"minecraft:stone":392,"minecraft:stone_bricks":1},"minecraft:broken":{"minecraft:stone_pickaxe":5},"minecraft:crafted":{"minecraft:oak_planks":20,"quark:birch_chest":8,"minecraft:crafting_table":2,"minecraft:furnace":2,"quark:birch_ladder":16,"minecraft:copper_ingot":81,"minecraft:stone":115,"minecraft:bone_meal":3,"minecraft:hay_block":2,"minecraft:birch_planks":84,"minecraft:stone_axe":1,"minecraft:air":0,"cosmeticarmoursmod:straw_hat_helmet":1,"minecraft:stone_brick_stairs":12,"minecraft:stick":40,"minecraft:birch_fence_gate":2,"minecraft:stone_pickaxe":4,"minecraft:torch":28,"minecraft:stone_bricks":112,"minecraft:wheat":9},"minecraft:used":{"minecraft:diorite":7,"quark:birch_chest":8,"minecraft:cobblestone_stairs":3,"minecraft:stone_pickaxe":550,"cosmeticarmoursmod:straw_hat_helmet":1,"minecraft:torch":26,"minecraft:dirt":10,"minecraft:crafting_table":3,"minecraft:white_bed":1,"quark:birch_ladder":13,"minecraft:birch_fence_gate":2,"minecraft:bread":5,"minecraft:stone_brick_stairs":9,"minecraft:stone_bricks":81,"minecraft:stone_axe":56,"minecraft:cobblestone":16,"minecraft:furnace":5,"minecraft:bone_meal":2}},"DataVersion":3465}