{"stats":{"minecraft:used":{"minecraft:diorite":8,"quark:birch_chest":11,"minecraft:cobblestone_stairs":3,"minecraft:stone_pickaxe":780,"minecraft:oak_planks":11,"cosmeticarmoursmod:straw_hat_helmet":1,"minecraft:oak_door":1,"minecraft:torch":27,"minecraft:dirt":16,"minecraft:crafting_table":3,"minecraft:white_bed":1,"quark:birch_ladder":16,"minecraft:apple":3,"minecraft:birch_fence_gate":2,"minecraft:bread":5,"minecraft:stone_brick_stairs":9,"minecraft:stone_bricks":81,"minecraft:stone_axe":92,"minecraft:cobblestone":25,"minecraft:furnace":5,"minecraft:bucket":2,"minecraft:potato":25,"minecraft:bone_meal":2},"minecraft:dropped":{"minecraft:poisonous_potato":2},"minecraft:broken":{"minecraft:stone_pickaxe":6},"minecraft:crafted":{"minecraft:oak_door":3,"minecraft:oak_planks":40,"quark:birch_chest":10,"minecraft:crafting_table":2,"minecraft:furnace":2,"quark:birch_ladder":16,"minecraft:copper_ingot":81,"minecraft:stone":163,"minecraft:bucket":2,"minecraft:bone_meal":3,"minecraft:hay_block":2,"minecraft:birch_planks":100,"minecraft:stone_axe":1,"minecraft:air":0,"cosmeticarmoursmod:straw_hat_helmet":1,"minecraft:stone_brick_stairs":12,"minecraft:stick":40,"minecraft:birch_fence_gate":2,"minecraft:stone_pickaxe":6,"minecraft:torch":28,"minecraft:stone_bricks":144,"minecraft:wheat":9},"minecraft:custom":{"minecraft:interact_with_furnace":26,"lootr:looted_stat":4,"minecraft:interact_with_crafting_table":34,"minecraft:leave_game":1,"minecraft:time_since_death":173705,"minecraft:sleep_in_bed":5,"minecraft:climb_one_cm":21763,"minecraft:time_since_rest":80065,"minecraft:sprint_one_cm":163659,"minecraft:damage_taken":2174,"minecraft:walk_one_cm":400870,"minecraft:drop":2,"minecraft:fly_one_cm":77079,"minecraft:open_chest":92,"minecraft:crouch_one_cm":299,"minecraft:play_time":188403,"minecraft:deaths":1,"minecraft:sneak_time":137,"minecraft:jump":597,"minecraft:total_world_time":188403,"minecraft:fall_one_cm":10318},"minecraft:picked_up":{"minecraft:birch_log":42,"minecraft:crafting_table":1,"minecraft:wheat":45,"minecraft:potato":100,"minecraft:oak_log":37,"minecraft:cobblestone_stairs":7,"minecraft:dirt":57,"minecraft:raw_copper":3,"tacz:ammo":150,"minecraft:apple":1,"minecraft:stone_bricks":1,"minecraft:wheat_seeds":78,"minecraft:birch_sapling":11,"minecraft:oak_planks":5,"minecraft:furnace":3,"minecraft:stick":21,"minecraft:torch":10,"minecraft:poisonous_potato":2,"quark:birch_chest":1,"minecraft:diorite":225,"minecraft:white_bed":2,"minecraft:mossy_cobblestone":2,"minecraft:arrow":2,"minecraft:oak_sapling":18,"minecraft:cobblestone":496},"minecraft:mined":{"minecraft:white_bed":2,"minecraft:mossy_cobblestone":2,"minecraft:cobblestone_stairs":7,"minecraft:crafting_table":1,"minecraft:grass_block":5,"minecraft:copper_ore":1,"minecraft:cobblestone":16,"minecraft:oak_planks":5,"minecraft:diorite":233,"minecraft:wall_torch":6,"minecraft:furnace":3,"treechop:chopped_log":14,"minecraft:grass":3,"quark:birch_chest":1,"minecraft:oak_log":1,"minecraft:dirt_path":2,"minecraft:dirt":55,"minecraft:stone":487,"minecraft:stone_bricks":1}},"DataVersion":3465}