{"stats":{"minecraft:used":{"minecraft:wheat_seeds":34,"minecraft:water_bucket":4,"minecraft:diorite":8,"quark:birch_chest":11,"minecraft:cobblestone_stairs":3,"minecraft:stone_shovel":143,"minecraft:stone_pickaxe":954,"minecraft:oak_planks":11,"cosmeticarmoursmod:straw_hat_helmet":1,"minecraft:sugar_cane":2,"minecraft:stone_hoe":70,"minecraft:oak_door":1,"minecraft:torch":46,"minecraft:sand":8,"minecraft:dirt":89,"minecraft:crafting_table":3,"minecraft:white_bed":1,"quark:birch_ladder":16,"minecraft:apple":5,"minecraft:birch_fence_gate":2,"minecraft:bread":6,"minecraft:stone_brick_stairs":9,"minecraft:stone_bricks":187,"minecraft:stone_axe":92,"minecraft:cobblestone":28,"minecraft:furnace":5,"minecraft:bucket":4,"minecraft:potato":61,"minecraft:bone_meal":2},"minecraft:dropped":{"minecraft:poisonous_potato":2},"minecraft:broken":{"minecraft:stone_pickaxe":8,"minecraft:stone_shovel":1},"minecraft:crafted":{"minecraft:oak_door":3,"minecraft:oak_planks":40,"minecraft:stone_shovel":1,"quark:birch_chest":10,"minecraft:crafting_table":2,"minecraft:furnace":2,"quark:birch_ladder":16,"minecraft:copper_ingot":81,"minecraft:stone":211,"minecraft:bucket":2,"minecraft:bone_meal":3,"minecraft:hay_block":2,"minecraft:birch_planks":100,"minecraft:stone_axe":1,"minecraft:bread":11,"minecraft:air":0,"cosmeticarmoursmod:straw_hat_helmet":1,"minecraft:stone_brick_stairs":12,"minecraft:stick":40,"minecraft:birch_fence_gate":2,"minecraft:stone_pickaxe":8,"minecraft:torch":28,"minecraft:stone_hoe":1,"minecraft:stone_bricks":208,"minecraft:wheat":9},"minecraft:custom":{"minecraft:interact_with_furnace":30,"lootr:looted_stat":4,"minecraft:interact_with_crafting_table":42,"minecraft:leave_game":1,"minecraft:time_since_death":209705,"minecraft:sleep_in_bed":5,"minecraft:climb_one_cm":40653,"minecraft:time_since_rest":116065,"minecraft:sprint_one_cm":212289,"minecraft:damage_taken":2214,"minecraft:walk_one_cm":525172,"minecraft:drop":2,"minecraft:fly_one_cm":101926,"minecraft:open_chest":142,"minecraft:crouch_one_cm":299,"minecraft:play_time":224403,"minecraft:deaths":1,"minecraft:sneak_time":193,"minecraft:jump":753,"minecraft:walk_on_water_one_cm":818,"minecraft:total_world_time":224403,"minecraft:fall_one_cm":12580},"minecraft:picked_up":{"minecraft:birch_log":42,"minecraft:crafting_table":1,"minecraft:wheat":45,"minecraft:andesite":10,"minecraft:cherry_planks":2,"minecraft:potato":102,"minecraft:oak_log":37,"minecraft:cobblestone_stairs":7,"minecraft:dirt":128,"minecraft:raw_copper":3,"tacz:ammo":150,"minecraft:apple":1,"minecraft:stone_bricks":3,"minecraft:wheat_seeds":78,"minecraft:sugar_cane":25,"minecraft:birch_sapling":11,"minecraft:oak_planks":5,"minecraft:furnace":3,"minecraft:stick":21,"minecraft:torch":25,"minecraft:poisonous_potato":2,"minecraft:sand":65,"quark:birch_chest":1,"minecraft:diorite":226,"minecraft:white_bed":2,"minecraft:mossy_cobblestone":2,"minecraft:arrow":2,"minecraft:cherry_sapling":1,"minecraft:oak_sapling":18,"minecraft:cobblestone":658},"minecraft:mined":{"minecraft:white_bed":2,"minecraft:glass_pane":1,"minecraft:mossy_cobblestone":2,"minecraft:cobblestone_stairs":7,"minecraft:crafting_table":1,"minecraft:torch":6,"minecraft:grass_block":59,"minecraft:copper_ore":1,"minecraft:cobblestone":16,"minecraft:sugar_cane":13,"minecraft:oak_planks":5,"minecraft:diorite":234,"minecraft:wall_torch":10,"minecraft:furnace":3,"minecraft:andesite":10,"treechop:chopped_log":14,"minecraft:grass":5,"quark:birch_chest":1,"minecraft:potatoes":1,"minecraft:oak_log":1,"minecraft:dirt_path":2,"minecraft:sand":65,"minecraft:dirt":72,"minecraft:stone":642,"minecraft:stone_bricks":3}},"DataVersion":3465}