{"stats":{"minecraft:used":{"minecraft:wheat_seeds":38,"minecraft:water_bucket":12,"minecraft:diorite":8,"quark:birch_chest":11,"minecraft:cobblestone_stairs":3,"minecraft:stone_shovel":143,"minecraft:stone_pickaxe":1063,"minecraft:oak_planks":11,"minecraft:stone":1,"cosmeticarmoursmod:straw_hat_helmet":1,"minecraft:sugar_cane":16,"minecraft:stone_hoe":70,"minecraft:iron_chestplate":1,"minecraft:oak_door":1,"minecraft:torch":57,"minecraft:sand":17,"minecraft:dirt":90,"minecraft:crafting_table":3,"minecraft:white_bed":1,"quark:birch_ladder":38,"minecraft:apple":5,"minecraft:birch_fence_gate":2,"minecraft:bread":8,"minecraft:stone_brick_stairs":9,"minecraft:stone_bricks":189,"minecraft:stone_axe":92,"minecraft:cobblestone":32,"minecraft:furnace":5,"minecraft:bucket":12,"minecraft:potato":61,"minecraft:bone_meal":2},"minecraft:dropped":{"minecraft:poisonous_potato":2,"tacz:modern_kinetic_gun":1},"minecraft:broken":{"minecraft:stone_pickaxe":8,"minecraft:stone_shovel":1},"minecraft:crafted":{"minecraft:oak_door":3,"minecraft:oak_planks":96,"minecraft:stone_shovel":1,"quark:birch_chest":10,"minecraft:crafting_table":2,"minecraft:furnace":2,"quark:birch_ladder":44,"minecraft:copper_ingot":81,"minecraft:stone":275,"minecraft:bucket":2,"minecraft:bone_meal":3,"minecraft:hay_block":2,"minecraft:birch_planks":112,"minecraft:stone_axe":1,"minecraft:bread":11,"minecraft:air":0,"cosmeticarmoursmod:straw_hat_helmet":1,"minecraft:stone_brick_stairs":12,"minecraft:iron_chestplate":1,"minecraft:stick":84,"minecraft:birch_fence_gate":2,"minecraft:stone_pickaxe":8,"minecraft:torch":28,"minecraft:stone_hoe":1,"minecraft:stone_bricks":272,"minecraft:wheat":9},"minecraft:custom":{"minecraft:interact_with_furnace":40,"lootr:looted_stat":4,"minecraft:interact_with_crafting_table":48,"minecraft:leave_game":1,"minecraft:time_since_death":257705,"minecraft:sleep_in_bed":7,"minecraft:climb_one_cm":47817,"minecraft:time_since_rest":39981,"minecraft:sprint_one_cm":231184,"minecraft:damage_taken":2254,"minecraft:walk_one_cm":562045,"minecraft:drop":3,"minecraft:fly_one_cm":110496,"minecraft:open_chest":164,"minecraft:crouch_one_cm":299,"minecraft:play_time":272403,"minecraft:deaths":1,"minecraft:sneak_time":209,"minecraft:jump":799,"minecraft:walk_on_water_one_cm":890,"minecraft:total_world_time":272403,"minecraft:fall_one_cm":14192},"minecraft:picked_up":{"minecraft:birch_log":42,"minecraft:crafting_table":1,"minecraft:wheat":45,"minecraft:andesite":10,"minecraft:cherry_planks":2,"minecraft:potato":102,"minecraft:oak_log":37,"minecraft:cobblestone_stairs":7,"minecraft:dirt":129,"minecraft:raw_copper":3,"tacz:ammo":150,"minecraft:apple":1,"minecraft:stone_bricks":6,"minecraft:wheat_seeds":82,"minecraft:sugar_cane":26,"minecraft:birch_sapling":11,"minecraft:oak_planks":5,"minecraft:furnace":3,"minecraft:stick":21,"minecraft:torch":29,"minecraft:poisonous_potato":2,"minecraft:sand":65,"quark:birch_chest":1,"minecraft:diorite":251,"minecraft:white_bed":2,"minecraft:mossy_cobblestone":2,"minecraft:arrow":2,"tacz:modern_kinetic_gun":1,"minecraft:cherry_sapling":1,"minecraft:oak_sapling":18,"minecraft:coal":21,"minecraft:cobblestone":735},"minecraft:mined":{"minecraft:white_bed":2,"minecraft:glass_pane":1,"minecraft:mossy_cobblestone":2,"minecraft:cobblestone_stairs":7,"minecraft:crafting_table":1,"minecraft:torch":9,"minecraft:grass_block":59,"minecraft:copper_ore":1,"minecraft:cobblestone":17,"minecraft:sugar_cane":14,"minecraft:oak_planks":5,"minecraft:diorite":259,"minecraft:wall_torch":10,"minecraft:furnace":3,"minecraft:andesite":10,"treechop:chopped_log":14,"minecraft:grass":5,"quark:birch_chest":1,"minecraft:potatoes":1,"minecraft:oak_log":1,"minecraft:dirt_path":2,"minecraft:sand":65,"minecraft:dirt":73,"minecraft:stone":719,"minecraft:stone_bricks":6}},"DataVersion":3465}