{"stats":{"minecraft:used":{"minecraft:water_bucket":1,"minecraft:diorite":8,"quark:birch_chest":11,"minecraft:cobblestone_stairs":3,"minecraft:stone_shovel":143,"minecraft:stone_pickaxe":843,"minecraft:oak_planks":11,"cosmeticarmoursmod:straw_hat_helmet":1,"minecraft:stone_hoe":36,"minecraft:oak_door":1,"minecraft:torch":39,"minecraft:dirt":59,"minecraft:crafting_table":3,"minecraft:white_bed":1,"quark:birch_ladder":16,"minecraft:apple":3,"minecraft:birch_fence_gate":2,"minecraft:bread":5,"minecraft:stone_brick_stairs":9,"minecraft:stone_bricks":145,"minecraft:stone_axe":92,"minecraft:cobblestone":28,"minecraft:furnace":5,"minecraft:bucket":2,"minecraft:potato":59,"minecraft:bone_meal":2},"minecraft:dropped":{"minecraft:poisonous_potato":2},"minecraft:broken":{"minecraft:stone_pickaxe":7,"minecraft:stone_shovel":1},"minecraft:crafted":{"minecraft:oak_door":3,"minecraft:oak_planks":40,"minecraft:stone_shovel":1,"quark:birch_chest":10,"minecraft:crafting_table":2,"minecraft:furnace":2,"quark:birch_ladder":16,"minecraft:copper_ingot":81,"minecraft:stone":185,"minecraft:bucket":2,"minecraft:bone_meal":3,"minecraft:hay_block":2,"minecraft:birch_planks":100,"minecraft:stone_axe":1,"minecraft:air":0,"cosmeticarmoursmod:straw_hat_helmet":1,"minecraft:stone_brick_stairs":12,"minecraft:stick":40,"minecraft:birch_fence_gate":2,"minecraft:stone_pickaxe":7,"minecraft:torch":28,"minecraft:stone_hoe":1,"minecraft:stone_bricks":184,"minecraft:wheat":9},"minecraft:custom":{"minecraft:interact_with_furnace":29,"lootr:looted_stat":4,"minecraft:interact_with_crafting_table":39,"minecraft:leave_game":1,"minecraft:time_since_death":191705,"minecraft:sleep_in_bed":5,"minecraft:climb_one_cm":29505,"minecraft:time_since_rest":98065,"minecraft:sprint_one_cm":189382,"minecraft:damage_taken":2214,"minecraft:walk_one_cm":473341,"minecraft:drop":2,"minecraft:fly_one_cm":86288,"minecraft:open_chest":115,"minecraft:crouch_one_cm":299,"minecraft:play_time":206403,"minecraft:deaths":1,"minecraft:sneak_time":138,"minecraft:jump":664,"minecraft:walk_on_water_one_cm":636,"minecraft:total_world_time":206403,"minecraft:fall_one_cm":11475},"minecraft:picked_up":{"minecraft:birch_log":42,"minecraft:crafting_table":1,"minecraft:wheat":45,"minecraft:potato":100,"minecraft:oak_log":37,"minecraft:cobblestone_stairs":7,"minecraft:dirt":125,"minecraft:raw_copper":3,"tacz:ammo":150,"minecraft:apple":1,"minecraft:stone_bricks":2,"minecraft:wheat_seeds":78,"minecraft:sugar_cane":24,"minecraft:birch_sapling":11,"minecraft:oak_planks":5,"minecraft:furnace":3,"minecraft:stick":21,"minecraft:torch":20,"minecraft:poisonous_potato":2,"minecraft:sand":64,"quark:birch_chest":1,"minecraft:diorite":226,"minecraft:white_bed":2,"minecraft:mossy_cobblestone":2,"minecraft:arrow":2,"minecraft:cherry_sapling":1,"minecraft:oak_sapling":18,"minecraft:cobblestone":561},"minecraft:mined":{"minecraft:white_bed":2,"minecraft:glass_pane":1,"minecraft:mossy_cobblestone":2,"minecraft:cobblestone_stairs":7,"minecraft:crafting_table":1,"minecraft:torch":6,"minecraft:grass_block":59,"minecraft:copper_ore":1,"minecraft:cobblestone":16,"minecraft:sugar_cane":12,"minecraft:oak_planks":5,"minecraft:diorite":234,"minecraft:wall_torch":9,"minecraft:furnace":3,"treechop:chopped_log":14,"minecraft:grass":3,"quark:birch_chest":1,"minecraft:oak_log":1,"minecraft:dirt_path":2,"minecraft:sand":64,"minecraft:dirt":69,"minecraft:stone":545,"minecraft:stone_bricks":2}},"DataVersion":3465}