{"stats":{"minecraft:used":{"minecraft:diorite":8,"quark:birch_chest":8,"minecraft:cobblestone_stairs":3,"minecraft:stone_pickaxe":681,"cosmeticarmoursmod:straw_hat_helmet":1,"minecraft:torch":26,"minecraft:dirt":10,"minecraft:crafting_table":3,"minecraft:white_bed":1,"quark:birch_ladder":13,"minecraft:birch_fence_gate":2,"minecraft:bread":5,"minecraft:stone_brick_stairs":9,"minecraft:stone_bricks":81,"minecraft:stone_axe":59,"minecraft:cobblestone":16,"minecraft:furnace":5,"minecraft:potato":25,"minecraft:bone_meal":2},"minecraft:dropped":{"minecraft:poisonous_potato":2},"minecraft:broken":{"minecraft:stone_pickaxe":6},"minecraft:crafted":{"minecraft:oak_planks":20,"quark:birch_chest":8,"minecraft:crafting_table":2,"minecraft:furnace":2,"quark:birch_ladder":16,"minecraft:copper_ingot":81,"minecraft:stone":148,"minecraft:bone_meal":3,"minecraft:hay_block":2,"minecraft:birch_planks":84,"minecraft:stone_axe":1,"minecraft:air":0,"cosmeticarmoursmod:straw_hat_helmet":1,"minecraft:stone_brick_stairs":12,"minecraft:stick":40,"minecraft:birch_fence_gate":2,"minecraft:stone_pickaxe":5,"minecraft:torch":28,"minecraft:stone_bricks":144,"minecraft:wheat":9},"minecraft:custom":{"minecraft:interact_with_furnace":25,"lootr:looted_stat":4,"minecraft:interact_with_crafting_table":29,"minecraft:leave_game":1,"minecraft:time_since_death":161705,"minecraft:sleep_in_bed":5,"minecraft:climb_one_cm":18144,"minecraft:time_since_rest":68065,"minecraft:sprint_one_cm":137992,"minecraft:damage_taken":2174,"minecraft:walk_one_cm":338861,"minecraft:drop":2,"minecraft:fly_one_cm":64611,"minecraft:open_chest":75,"minecraft:crouch_one_cm":299,"minecraft:play_time":176403,"minecraft:deaths":1,"minecraft:sneak_time":136,"minecraft:jump":507,"minecraft:total_world_time":176403,"minecraft:fall_one_cm":8466},"minecraft:picked_up":{"minecraft:birch_log":30,"minecraft:crafting_table":1,"minecraft:wheat":45,"minecraft:potato":100,"minecraft:oak_log":16,"minecraft:cobblestone_stairs":4,"minecraft:dirt":48,"minecraft:raw_copper":3,"tacz:ammo":150,"minecraft:stone_bricks":1,"minecraft:wheat_seeds":78,"minecraft:birch_sapling":8,"minecraft:oak_planks":4,"minecraft:furnace":3,"minecraft:stick":11,"minecraft:torch":9,"minecraft:poisonous_potato":2,"minecraft:diorite":212,"minecraft:white_bed":1,"minecraft:mossy_cobblestone":2,"minecraft:arrow":2,"minecraft:oak_sapling":9,"minecraft:cobblestone":423},"minecraft:mined":{"minecraft:white_bed":1,"minecraft:mossy_cobblestone":2,"minecraft:cobblestone_stairs":4,"minecraft:crafting_table":1,"minecraft:grass_block":5,"minecraft:copper_ore":1,"minecraft:cobblestone":7,"minecraft:oak_planks":4,"minecraft:diorite":220,"minecraft:wall_torch":5,"minecraft:furnace":3,"treechop:chopped_log":8,"minecraft:grass":2,"minecraft:dirt":48,"minecraft:stone":416,"minecraft:stone_bricks":1}},"DataVersion":3465}