{"stats":{"minecraft:killed":{"cave_dweller:cave_dweller":1},"minecraft:used":{"minecraft:wheat_seeds":38,"minecraft:water_bucket":12,"minecraft:diorite":8,"quark:birch_chest":11,"minecraft:cobblestone_stairs":3,"minecraft:stone_shovel":143,"minecraft:stone_pickaxe":1540,"minecraft:oak_planks":11,"minecraft:stone":1,"cosmeticarmoursmod:straw_hat_helmet":1,"minecraft:sugar_cane":19,"minecraft:stone_hoe":70,"minecraft:iron_chestplate":1,"minecraft:oak_door":1,"minecraft:torch":74,"minecraft:sand":17,"minecraft:dirt":90,"minecraft:crafting_table":3,"minecraft:white_bed":1,"quark:birch_ladder":38,"minecraft:apple":5,"minecraft:birch_fence_gate":2,"minecraft:bread":9,"minecraft:stone_brick_stairs":9,"minecraft:stone_bricks":226,"minecraft:stone_axe":92,"minecraft:cobblestone":32,"minecraft:furnace":5,"minecraft:bucket":12,"minecraft:potato":61,"minecraft:bone_meal":2},"minecraft:dropped":{"minecraft:poisonous_potato":2,"cosmeticarmoursmod:straw_hat_helmet":1,"sanitydim:garland":1,"tacz:modern_kinetic_gun":1},"minecraft:broken":{"minecraft:stone_pickaxe":12,"sanitydim:garland":1,"minecraft:stone_shovel":1},"minecraft:crafted":{"minecraft:oak_door":3,"minecraft:oak_planks":96,"minecraft:stone_shovel":1,"quark:birch_chest":10,"minecraft:crafting_table":2,"minecraft:furnace":2,"quark:birch_ladder":44,"minecraft:copper_ingot":81,"minecraft:stone":354,"minecraft:bucket":2,"minecraft:bone_meal":3,"minecraft:hay_block":2,"minecraft:birch_planks":112,"minecraft:stone_axe":1,"minecraft:bread":11,"minecraft:air":0,"cosmeticarmoursmod:straw_hat_helmet":1,"minecraft:stone_brick_stairs":12,"minecraft:iron_chestplate":1,"minecraft:stick":96,"minecraft:birch_fence_gate":2,"minecraft:stone_pickaxe":12,"minecraft:torch":44,"minecraft:stone_hoe":1,"minecraft:stone_bricks":352,"minecraft:wheat":9},"minecraft:custom":{"minecraft:interact_with_furnace":51,"lootr:looted_stat":4,"minecraft:mob_kills":1,"minecraft:interact_with_crafting_table":56,"minecraft:leave_game":1,"minecraft:time_since_death":0,"minecraft:sleep_in_bed":7,"minecraft:climb_one_cm":72102,"minecraft:time_since_rest":93012,"minecraft:sprint_one_cm":239163,"minecraft:damage_taken":4192,"minecraft:walk_one_cm":655322,"minecraft:drop":5,"minecraft:fly_one_cm":110632,"minecraft:open_chest":188,"minecraft:crouch_one_cm":300,"minecraft:play_time":500403,"minecraft:deaths":2,"minecraft:sneak_time":282,"minecraft:jump":842,"minecraft:walk_on_water_one_cm":1283,"minecraft:total_world_time":500403,"minecraft:fall_one_cm":14192},"minecraft:picked_up":{"minecraft:birch_log":42,"cosmeticarmoursmod:straw_hat_helmet":1,"minecraft:crafting_table":1,"minecraft:wheat":72,"minecraft:andesite":55,"minecraft:cherry_planks":2,"minecraft:potato":187,"minecraft:oak_log":37,"minecraft:cobblestone_stairs":7,"sanitydim:garland":2,"minecraft:dirt":144,"minecraft:raw_copper":3,"tacz:ammo":150,"minecraft:apple":1,"minecraft:stone_bricks":7,"minecraft:wheat_seeds":130,"minecraft:sugar_cane":54,"minecraft:birch_sapling":11,"minecraft:oak_planks":5,"minecraft:furnace":3,"minecraft:stick":21,"minecraft:raw_iron":4,"minecraft:torch":35,"minecraft:poisonous_potato":2,"minecraft:sand":65,"quark:birch_chest":1,"minecraft:diorite":251,"minecraft:white_bed":2,"minecraft:mossy_cobblestone":2,"minecraft:arrow":2,"tacz:modern_kinetic_gun":1,"minecraft:cherry_sapling":1,"minecraft:oak_sapling":18,"minecraft:coal":29,"minecraft:cobblestone":1142},"minecraft:mined":{"minecraft:white_bed":2,"minecraft:glass_pane":1,"minecraft:mossy_cobblestone":2,"minecraft:cobblestone_stairs":7,"minecraft:crafting_table":1,"minecraft:torch":11,"minecraft:grass_block":59,"minecraft:copper_ore":1,"minecraft:cobblestone":17,"minecraft:sugar_cane":30,"minecraft:oak_planks":5,"minecraft:diorite":259,"minecraft:wall_torch":11,"minecraft:furnace":3,"minecraft:iron_ore":4,"minecraft:andesite":55,"treechop:chopped_log":14,"minecraft:coal_ore":8,"minecraft:grass":5,"quark:birch_chest":1,"minecraft:potatoes":1,"minecraft:oak_log":1,"minecraft:dirt_path":2,"minecraft:sand":65,"minecraft:dirt":88,"minecraft:stone":1129,"minecraft:stone_bricks":7}},"DataVersion":3465}