{"stats":{"minecraft:killed":{"endofherobrine:silverfish":20,"endofherobrine:pig":1,"intensehorror:vampire_bat":7,"minecraft:zombified_piglin":2,"minecraft:witch":2,"intensehorror:the_possessed":22,"intensehorror:fritz":21,"minecraft:spider":12,"intensehorror:demon":3,"intensehorror:mourning_wood":2,"sanitydim:sneaking_terror":33,"quark:forgotten":1,"minecraft:skeleton":58,"intensehorror:butcher":12,"the_knocker:knocker":1,"intensehorror:werewolf":9,"intensehorror:reaper":12,"intensehorror:headless_horseman":10,"artifacts:mimic":2,"intensehorror:chucky":7,"minecraft:magma_cube":14,"minecraft:piglin":3,"minecraft:pig":17,"minecraft:zombie_villager":4,"minecraft:salmon":27,"minecraft:iron_golem":1,"minecraft:creeper":16,"minecraft:sheep":11,"intensehorror:frankenstein":18,"intensehorror:michael_myers":13,"minecraft:pillager":15,"minecraft:zombie":59,"the_masked:red_heart":1,"minecraft:glow_squid":1,"cave_dweller:cave_dweller":2,"endofherobrine:cow":3,"endofherobrine:pigman":3,"apollyon:the_damned":43,"minecraft:blaze":22,"minecraft:cow":32,"midnightlurker:void_hands":1,"intensehorror:severed_hand":19,"minecraft:vindicator":4,"intensehorror:deadly_sphere":11,"sanitydim:rotting_stalker":54,"quark:toretoise":1,"boiled_reimagined:the_boiled_one":39,"intensehorror:witch":1,"minecraft:phantom":4,"minecraft:horse":1,"the_masked:masked_intruder":1,"intensehorror:freddy_krueger":25,"intensehorror:mummy":14,"intensehorror:pinhead":10,"intensehorror:mad_professor":18,"intensehorror:creature_from_the_deep":8,"intensehorror:swamp_thing":12,"graveyard:ghoul":1,"intensehorror:skelegang":16,"intensehorror:vampire":9,"minecraft:ravager":1,"intensehorror:ghostface":8,"intensehorror:clown":9,"intensehorror:cursed_scarecrow":8,"intensehorror:mothman":18,"intensehorror:jason_voorhees":20,"endofherobrine:sheep":88,"minecraft:wither_skeleton":36,"intensehorror:ghost":15},"minecraft:used":{"minecraft:iron_shovel":250,"minecraft:polished_basalt":2,"minecraft:shield":23,"minecraft:soul_sand":3,"sanitydim:garland":12,"intensehorror:cherry_candy":4,"minecraft:obsidian":10,"minecraft:milk_bucket":2,"minecraft:grass_block":49,"minecraft:villager_spawn_egg":3,"minecraft:lantern":17,"minecraft:dark_oak_slab":56,"minecraft:cherry_button":5,"minecraft:dark_oak_button":4,"minecraft:stone_brick_stairs":95,"minecraft:deepslate_diamond_ore":17,"intensehorror:broken_bat_wing":2,"minecraft:furnace":3,"minecraft:cooked_cod":12,"minecraft:egg":1,"quark:dark_oak_ladder":80,"minecraft:golden_boots":1,"minecraft:dark_oak_stairs":174,"minecraft:diorite":10,"minecraft:diamond_boots":1,"minecraft:oak_planks":351,"minecraft:powered_rail":9,"minecraft:stone_pickaxe":44,"minecraft:wooden_pickaxe":18,"artifacts:eternal_steak":9,"minecraft:blue_bed":5,"minecraft:diamond_axe":820,"minecraft:sugar_cane":54,"minecraft:dark_oak_trapdoor":10,"minecraft:sand":1,"minecraft:blast_furnace":7,"intensehorror:death_sickle":121,"minecraft:redstone_torch":3,"minecraft:bread":136,"minecraft:string":1,"minecraft:lectern":71,"minecraft:iron_door":3,"minecraft:deepslate":14,"minecraft:gravel":12,"intensehorror:strawberry_candy":7,"minecraft:andesite":2,"minecraft:chain":46,"quark:stone_brick_vertical_slab":17,"minecraft:oak_boat":1,"minecraft:oak_fence":10,"minecraft:flint_and_steel":10,"tacz:gun_smith_table":3,"intensehorror:orange_candy":3,"minecraft:wooden_shovel":29,"minecraft:cooked_chicken":3,"minecraft:netherrack":199,"minecraft:torch":105,"minecraft:dirt":1857,"intensehorror:apple_candy":6,"tacz:workbench_c":1,"tacz:workbench_a":2,"minecraft:granite":28,"minecraft:dark_oak_planks":8,"minecraft:iron_axe":136,"minecraft:cherry_slab":15,"minecraft:cherry_trapdoor":44,"intensehorror:wall_bats":3,"minecraft:cherry_fence_gate":37,"intensehorror:cooked_meat":1,"minecraft:golden_carrot":50,"minecraft:beef":3,"minecraft:minecart":1,"intensehorror:lemon_candy":5,"minecraft:cooked_beef":31,"minecraft:cobbled_deepslate":2,"minecraft:cherry_fence":295,"minecraft:cherry_log":101,"minecraft:iron_leggings":1,"minecraft:wheat_seeds":2,"minecraft:cooked_mutton":8,"minecraft:water_bucket":56,"minecraft:cobblestone_stairs":108,"minecraft:birch_planks":13,"minecraft:baked_potato":5,"minecraft:cherry_planks":876,"minecraft:fletching_table":1,"minecraft:cobblestone_slab":55,"minecraft:polished_blackstone_bricks":20,"minecraft:cracked_stone_bricks":3,"minecraft:rail":9,"minecraft:tnt":206,"minecraft:crafting_table":5,"minecraft:campfire":9,"minecraft:white_bed":8,"minecraft:smoker":1,"minecraft:oak_log":104,"minecraft:diamond_pickaxe":687,"minecraft:diamond_shovel":653,"minecraft:cherry_door":6,"minecraft:cracked_polished_blackstone_bricks":3,"minecraft:oak_button":31,"minecraft:iron_pickaxe":251,"minecraft:spruce_trapdoor":3,"minecraft:pink_petals":4,"minecraft:stone_axe":118,"minecraft:pink_bed":1,"quark:dark_oak_chest":1,"minecraft:cobblestone":432,"minecraft:cherry_stairs":46,"minecraft:white_banner":1,"minecraft:cooked_porkchop":2,"minecraft:bucket":62,"minecraft:wither_rose":1,"intensehorror:pitchfork_block":1,"minecraft:dandelion":1},"minecraft:broken":{"minecraft:iron_shovel":1,"minecraft:diamond_helmet":1,"sanitydim:garland":13,"minecraft:diamond_boots":2,"minecraft:stone_axe":1,"minecraft:diamond_chestplate":2,"minecraft:diamond_leggings":2,"minecraft:shield":11,"minecraft:iron_axe":1,"minecraft:iron_pickaxe":1},"minecraft:dropped":{"minecraft:spruce_sign":4,"minecraft:moss_block":1,"minecraft:dark_oak_stairs":41,"minecraft:cooked_beef":50,"minecraft:oak_log":2,"minecraft:glow_ink_sac":6,"intensehorror:book_of_horror":2,"minecraft:dark_oak_sapling":5,"minecraft:leather":4,"minecraft:rail":1,"artifacts:night_vision_goggles":3,"intensehorror:double_jack_o_lantern":4,"minecraft:dirt":9,"relics:leather_belt":1,"minecraft:dark_oak_log":6,"artifacts:superstitious_hat":1,"intensehorror:autumnal_leaves":5,"minecraft:cooked_cod":1,"minecraft:cherry_button":1,"minecraft:chain":4,"minecraft:gold_nugget":1,"minecraft:phantom_membrane":2,"minecraft:sand":11,"minecraft:iron_pickaxe":2,"minecraft:dark_oak_planks":26,"minecraft:white_wool":5,"minecraft:blue_bed":2,"minecraft:bone":53,"intensehorror:stacked_pumpkin":2,"minecraft:oak_door":1,"minecraft:gravel":20,"intensehorror:toxic_flask":2,"minecraft:sugar_cane":3,"minecraft:cherry_stairs":1,"intensehorror:brain_in_a_jar":2,"minecraft:cherry_sapling":1,"minecraft:wheat":1,"minecraft:birch_sapling":40,"minecraft:rotten_flesh":34,"intensehorror:undead_necklace":1,"intensehorror:jason_mask_helmet":2,"minecraft:cooked_mutton":17,"minecraft:salmon":27,"patchouli:guide_book":1,"minecraft:poppy":14,"intensehorror:scarecrow":3,"intensehorror:lunar_tablet":1,"minecraft:arrow":35,"minecraft:powered_rail":3,"intensehorror:horsemans_head_helmet":1,"minecraft:cherry_fence":4,"minecraft:netherrack":136,"intensehorror:charged_core":1,"minecraft:bread":59,"intensehorror:broken_letter":4,"minecraft:wheat_seeds":10,"intensehorror:hanging_pumpkin_lights":4,"minecraft:tnt":1,"minecraft:diamond_leggings":1,"minecraft:iron_helmet":5,"minecraft:cobblestone":9,"minecraft:apple":1,"minecraft:granite":5,"intensehorror:butchers_mask_helmet":1,"intensehorror:jack_o_scarecrow":6,"minecraft:grass_block":1,"minecraft:coal":37,"minecraft:stick":9,"minecraft:cobweb":5,"tacz:ammo_box":1,"minecraft:diorite":1,"minecraft:torch":68,"minecraft:cherry_planks":9,"minecraft:cooked_salmon":14,"minecraft:diamond_helmet":1,"minecraft:iron_leggings":1,"intensehorror:music_disc_night_of_fright":2,"minecraft:white_banner":6,"tacz:modern_kinetic_gun":3,"minecraft:wither_rose":1,"minecraft:paper":1,"minecraft:redstone":15,"artifacts:bunny_hoppers":3,"minecraft:pink_petals":4,"intensehorror:mothman_eyes":8,"intensehorror:broken_bat_wing":1,"minecraft:dandelion":9,"intensehorror:stacked_jack_o_lantern":2,"intensehorror:wall_flags":8,"intensehorror:ectoplasm":9,"minecraft:stone_sword":5,"minecraft:iron_boots":2,"shy_guy:disturbing_photo":2,"minecraft:oak_sign":1,"portablemobs:basic_capture_cell":1,"intensehorror:freddys_claw":1,"minecraft:filled_map":1,"relics:magic_mirror":1,"minecraft:diamond_chestplate":1,"intensehorror:raw_meat":2,"minecraft:diamond_pickaxe":1,"minecraft:iron_chestplate":3,"minecraft:andesite":1,"sanitydim:garland":5,"minecraft:oak_sapling":5,"minecraft:wooden_shovel":1,"artifacts:eternal_steak":3,"minecraft:golden_sword":1,"minecraft:redstone_torch":2,"minecraft:spider_eye":4,"intensehorror:nail":3,"minecraft:diamond_boots":1,"minecraft:sandstone":3,"minecraft:bow":2,"minecraft:wooden_pickaxe":1,"minecraft:bell":1,"intensehorror:hanging_pumpkins":9},"minecraft:crafted":{"minecraft:pink_bed":1,"minecraft:chain":16,"quark:cherry_chest":1,"minecraft:cooked_mutton":10,"minecraft:iron_bars":16,"minecraft:diamond_helmet":1,"minecraft:diamond_leggings":1,"minecraft:iron_boots":1,"minecraft:iron_door":3,"minecraft:copper_block":89,"minecraft:cherry_fence":15,"minecraft:cooked_porkchop":13,"minecraft:diamond_axe":1,"minecraft:crafting_table":4,"minecraft:iron_helmet":1,"tacz:ammo_box":1,"minecraft:wooden_pickaxe":1,"minecraft:cherry_button":4,"minecraft:copper_ingot":832,"minecraft:gold_block":19,"minecraft:birch_planks":74,"minecraft:campfire":1,"portablemobs:basic_capture_cell":1,"minecraft:iron_chestplate":1,"minecraft:diamond_pickaxe":1,"minecraft:charcoal":4,"minecraft:shield":3,"sophisticatedbackpacks:diamond_backpack":3,"minecraft:stick":20,"minecraft:iron_ingot":213,"minecraft:iron_block":28,"minecraft:gold_ingot":97,"minecraft:cherry_planks":732,"minecraft:furnace":1,"sanitydim:garland":6,"minecraft:pink_dye":4,"minecraft:diamond_block":24,"quark:dark_oak_chest":1,"minecraft:diamond":9,"minecraft:stone_pickaxe":1,"minecraft:diamond_boots":1,"minecraft:redstone_block":8,"minecraft:dark_oak_planks":8,"intensehorror:cooked_meat":8,"minecraft:wheat":63,"minecraft:cherry_fence_gate":18,"sophisticatedbackpacks:iron_backpack":3,"minecraft:cooked_beef":60,"minecraft:cooked_cod":24,"sophisticatedbackpacks:gold_backpack":3,"minecraft:dark_oak_button":4,"minecraft:bucket":1,"minecraft:stone_axe":1,"minecraft:enchanted_book":2,"minecraft:bread":1,"minecraft:air":0,"minecraft:iron_shovel":1,"minecraft:iron_leggings":1,"minecraft:white_bed":1,"minecraft:torch":24,"minecraft:lapis_block":36,"minecraft:diamond_chestplate":1},"minecraft:custom":{"lootr:looted_stat":34,"minecraft:interact_with_crafting_table":45,"minecraft:open_barrel":1,"minecraft:leave_game":36,"minecraft:time_since_death":141098,"minecraft:sprint_one_cm":1723515,"minecraft:damage_blocked_by_shield":46000,"minecraft:drop":438,"minecraft:talked_to_villager":106,"minecraft:play_time":1295569,"minecraft:deaths":34,"minecraft:jump":9370,"minecraft:walk_on_water_one_cm":78995,"minecraft:interact_with_furnace":32,"minecraft:traded_with_villager":2,"minecraft:interact_with_cartography_table":1,"minecraft:sleep_in_bed":18,"minecraft:damage_dealt":43196,"minecraft:player_kills":18,"minecraft:crouch_one_cm":91385,"minecraft:interact_with_smoker":19,"minecraft:mob_kills":1002,"minecraft:interact_with_campfire":2,"minecraft:damage_dealt_resisted":679,"minecraft:climb_one_cm":36951,"minecraft:walk_one_cm":2785887,"minecraft:damage_dealt_absorbed":603,"minecraft:raid_win":1,"minecraft:walk_under_water_one_cm":69221,"minecraft:sneak_time":37317,"minecraft:boat_one_cm":85580,"minecraft:interact_with_blast_furnace":110,"minecraft:total_world_time":1295569,"minecraft:raid_trigger":1,"minecraft:time_since_rest":57255,"minecraft:damage_taken":53199,"minecraft:minecart_one_cm":304963,"minecraft:swim_one_cm":92275,"minecraft:fly_one_cm":2588602,"minecraft:open_chest":79,"minecraft:fall_one_cm":491205},"minecraft:picked_up":{"intensehorror:autumnal_leaves":5,"minecraft:iron_chestplate":1,"minecraft:wheat":1,"minecraft:anvil":1,"intensehorror:pumpkin_launcher":1,"artifacts:bunny_hoppers":2,"minecraft:wither_rose":10,"minecraft:potion":1,"tacz:workbench_a":1,"minecraft:golden_sword":1,"minecraft:dark_oak_trapdoor":1,"minecraft:string":4,"minecraft:raw_copper":115,"minecraft:cooked_salmon":14,"minecraft:oak_sign":1,"intensehorror:jack_o_scarecrow":8,"intensehorror:nail":10,"intensehorror:charged_core":2,"minecraft:gold_nugget":1,"minecraft:cobbled_deepslate":12,"intensehorror:undead_necklace":3,"minecraft:redstone_torch":2,"intensehorror:double_jack_o_lantern":4,"minecraft:furnace":1,"minecraft:stick":60,"minecraft:oak_fence":14,"minecraft:torch":32,"intensehorror:stacked_pumpkin":2,"minecraft:porkchop":42,"tacz:attachment":16,"minecraft:cherry_log":132,"minecraft:diorite":7,"intensehorror:broken_bat_wing":3,"minecraft:stone_sword":5,"minecraft:rotten_flesh":36,"minecraft:polished_basalt":2,"intensehorror:demon_book":1,"minecraft:blaze_rod":13,"intensehorror:toxic_flask":2,"minecraft:cobblestone":337,"minecraft:birch_log":47,"minecraft:pink_petals":13,"minecraft:cooked_beef":12,"minecraft:magma_cream":1,"minecraft:cherry_planks":268,"minecraft:andesite":1,"intensehorror:freddys_claw":1,"minecraft:smoker":1,"intensehorror:hanging_reaper":1,"minecraft:flint":7,"minecraft:cherry_fence":171,"minecraft:lapis_lazuli":196,"minecraft:cherry_door":2,"minecraft:dirt":1084,"minecraft:bone":73,"minecraft:bow":2,"minecraft:wheat_seeds":58,"intensehorror:wall_bats":3,"minecraft:raw_gold":6,"minecraft:bell":1,"minecraft:powered_rail":5,"intensehorror:wall_flags":8,"intensehorror:butchers_mask_helmet":1,"tacz:gun_smith_table":1,"minecraft:moss_block":1,"intensehorror:music_disc_night_of_fright":3,"intensehorror:book_of_horror":2,"quark:dark_oak_ladder":8,"minecraft:sand":12,"sophisticatedbackpacks:iron_backpack":1,"intensehorror:broken_letter":4,"minecraft:dark_oak_log":47,"minecraft:mossy_cobblestone":14,"intensehorror:death_sickle":3,"intensehorror:cherry_candy":7,"intensehorror:orange_candy":5,"minecraft:diamond":3,"minecraft:cracked_polished_blackstone_bricks":7,"minecraft:grass":2,"minecraft:granite":33,"minecraft:bone_meal":2,"minecraft:oak_sapling":5,"minecraft:spruce_sign":6,"minecraft:bread":1,"minecraft:cherry_slab":8,"minecraft:netherrack":786,"minecraft:diamond_pickaxe":1,"intensehorror:spider":2,"minecraft:charcoal":4,"intensehorror:lunar_tablet":11,"minecraft:wooden_pickaxe":1,"intensehorror:scarecrow":3,"intensehorror:vampire_dagger":4,"minecraft:chain":34,"minecraft:shield":1,"minecraft:cornflower":1,"intensehorror:hanging_pumpkins":11,"intensehorror:lemon_candy":10,"tacz:ammo":220,"minecraft:blackstone":32,"graveyard:corruption":1,"minecraft:cracked_stone_bricks":3,"minecraft:beef":64,"intensehorror:horsemans_head_helmet":1,"minecraft:poppy":7,"minecraft:sugar_cane":207,"minecraft:birch_sapling":40,"minecraft:cherry_button":6,"minecraft:phantom_membrane":2,"minecraft:egg":1,"intensehorror:brain_in_a_jar":2,"minecraft:dark_oak_sapling":5,"minecraft:raw_iron":46,"minecraft:sandstone":3,"intensehorror:ectoplasm":25,"minecraft:cherry_stairs":8,"minecraft:oak_door":1,"minecraft:copper_ingot":16,"sophisticatedbackpacks:backpack":1,"minecraft:polished_blackstone_bricks":20,"intensehorror:cooked_meat":1,"minecraft:redstone":29,"intensehorror:exorcist_book":1,"minecraft:cherry_fence_gate":23,"minecraft:tnt":2,"intensehorror:neptunes_shell":1,"intensehorror:mothman_wings_chestplate":1,"minecraft:arrow":41,"minecraft:cooked_cod":1,"intensehorror:sand_blaster":1,"minecraft:hay_block":37,"minecraft:rail":8,"minecraft:gold_ingot":10,"minecraft:mutton":14,"minecraft:white_wool":10,"artifacts:eternal_steak":3,"minecraft:glow_ink_sac":6,"minecraft:salmon":27,"minecraft:leather":29,"minecraft:filled_map":1,"intensehorror:mothman_eyes":9,"intensehorror:pitchfork_block":1,"minecraft:oak_log":7,"minecraft:ancient_debris":13,"minecraft:cobblestone_stairs":23,"minecraft:gunpowder":13,"intensehorror:candy_bag":15,"sanitydim:garland":3,"minecraft:blue_bed":7,"minecraft:paper":1,"minecraft:white_banner":7,"quark:forgotten_hat":1,"minecraft:cooked_mutton":15,"minecraft:apple":2,"shy_guy:disturbing_photo":2,"intensehorror:black_cat":3,"minecraft:iron_ingot":39,"minecraft:cobweb":5,"minecraft:soul_sand":3,"intensehorror:stacked_jack_o_lantern":2,"intensehorror:raw_meat":15,"minecraft:dark_oak_stairs":108,"intensehorror:apple_candy":7,"minecraft:quartz":25,"minecraft:dandelion":3,"minecraft:gravel":32,"intensehorror:hanging_pumpkin_lights":8,"minecraft:blast_furnace":2,"minecraft:spider_eye":4,"intensehorror:jason_mask_helmet":2,"intensehorror:strawberry_candy":9,"tacz:modern_kinetic_gun":12,"minecraft:iron_helmet":1,"minecraft:cherry_sapling":84,"minecraft:oak_button":1,"minecraft:baked_potato":6,"minecraft:coal":126},"minecraft:killed_by":{"intensehorror:the_possessed":3,"sanitydim:rotting_stalker":5,"intensehorror:demon":1,"intensehorror:freddy_krueger":1,"sanitydim:sneaking_terror":4,"intensehorror:mothman":1,"intensehorror:severed_hand":1,"minecraft:player":1,"intensehorror:headless_horseman":1},"minecraft:mined":{"minecraft:cherry_log":28,"minecraft:cobblestone_stairs":26,"tacz:workbench_a":1,"minecraft:granite":29,"minecraft:grass_block":396,"minecraft:cracked_polished_blackstone_bricks":7,"minecraft:blue_wool":1,"tacz:gun_smith_table":1,"minecraft:polished_blackstone_bricks":20,"minecraft:tall_seagrass":1,"minecraft:dark_oak_trapdoor":1,"minecraft:iron_ore":55,"minecraft:fire":10,"minecraft:anvil":1,"minecraft:dark_oak_stairs":68,"minecraft:oak_sign":1,"minecraft:dirt_path":18,"minecraft:blackstone":6,"quark:dark_oak_ladder":8,"minecraft:smoker":1,"minecraft:torch":5,"minecraft:blast_furnace":2,"minecraft:poppy":3,"minecraft:nether_quartz_ore":16,"minecraft:cobblestone":80,"minecraft:sugar_cane":107,"minecraft:wall_torch":10,"minecraft:spruce_sign":5,"minecraft:cherry_slab":8,"minecraft:pink_petals":4,"minecraft:seagrass":2,"minecraft:cherry_fence":171,"minecraft:chain":36,"minecraft:powered_rail":5,"minecraft:cherry_door":2,"minecraft:wither_rose":1,"minecraft:grass":160,"minecraft:cherry_button":5,"minecraft:sand":8,"minecraft:dirt":657,"minecraft:ancient_debris":13,"minecraft:netherrack":225,"minecraft:oak_leaves":1,"minecraft:deepslate":11,"minecraft:diamond_ore":3,"minecraft:mossy_cobblestone":14,"intensehorror:wall_flags":1,"minecraft:sea_lantern":2,"minecraft:kelp":1,"minecraft:sandstone":3,"minecraft:hay_block":38,"minecraft:redstone_ore":3,"minecraft:furnace":1,"minecraft:polished_basalt":2,"minecraft:andesite":1,"treechop:chopped_log":16,"minecraft:rail":8,"minecraft:deepslate_iron_ore":21,"minecraft:stone":255,"minecraft:cherry_fence_gate":26,"minecraft:cherry_stairs":8,"minecraft:cherry_planks":269,"minecraft:soul_sand":3,"minecraft:dandelion":1,"minecraft:oak_fence":14,"minecraft:campfire":1,"minecraft:copper_ore":36,"minecraft:tall_grass":29,"minecraft:deepslate_coal_ore":1,"minecraft:lapis_ore":30,"minecraft:deepslate_gold_ore":8,"endofherobrine:mossy_stone_bricks":8,"minecraft:diorite":6,"minecraft:blue_bed":5,"minecraft:birch_leaves":1,"minecraft:white_wall_banner":1,"minecraft:coal_ore":41,"minecraft:gravel":11,"minecraft:cracked_stone_bricks":10,"minecraft:gold_ore":8}},"DataVersion":3465}