{"stats":{"minecraft:killed_by":{"sanitydim:rotting_stalker":5,"intensehorror:demon":1,"intensehorror:freddy_krueger":1,"intensehorror:mothman":1,"intensehorror:severed_hand":1,"intensehorror:the_possessed":3,"sanitydim:sneaking_terror":5,"minecraft:player":3,"intensehorror:headless_horseman":1},"minecraft:used":{"minecraft:chest":1,"minecraft:soul_sand":3,"sanitydim:garland":12,"intensehorror:cherry_candy":4,"themimic_er:themimic_er_spawn_egg":1,"minecraft:villager_spawn_egg":13,"minecraft:grass_block":49,"minecraft:birch_sapling":8,"minecraft:dark_oak_slab":56,"minecraft:cherry_button":5,"minecraft:dark_oak_button":4,"minecraft:stone_brick_stairs":95,"minecraft:furnace":3,"minecraft:cooked_cod":12,"minecraft:egg":1,"intensehorror:charged_staff":3,"minecraft:diorite":10,"minecraft:powered_rail":9,"minecraft:wooden_pickaxe":18,"artifacts:eternal_steak":78,"minecraft:composter":1,"shy_guy:shy_guy_spawn_egg":1,"minecraft:dark_oak_trapdoor":12,"minecraft:sand":2,"minecraft:blast_furnace":17,"intensehorror:black_cat":1,"minecraft:lectern":183,"minecraft:oak_boat":1,"quark:stone_brick_vertical_slab":69,"minecraft:netherrack":199,"minecraft:torch":169,"minecraft:brewing_stand":1,"intensehorror:apple_candy":6,"intensehorror:tombstone":1,"minecraft:iron_axe":136,"minecraft:cherry_slab":15,"intensehorror:wall_bats":6,"minecraft:cherry_fence_gate":39,"minecraft:barrel":22,"minecraft:beef":3,"minecraft:cobbled_deepslate":2,"minecraft:cherry_fence":295,"minecraft:cherry_log":104,"minecraft:pointed_dripstone":2,"minecraft:wheat_seeds":4,"minecraft:water_bucket":56,"minecraft:birch_planks":13,"minecraft:cherry_planks":881,"minecraft:fletching_table":3,"minecraft:sheep_spawn_egg":25,"minecraft:cracked_stone_bricks":3,"minecraft:polished_blackstone_bricks":20,"minecraft:rail":9,"minecraft:tnt":206,"minecraft:crafting_table":5,"minecraft:white_bed":8,"minecraft:campfire":10,"minecraft:oak_log":104,"minecraft:diamond_pickaxe":760,"minecraft:diamond_shovel":653,"minecraft:oak_button":31,"minecraft:suspicious_stew":1,"minecraft:iron_pickaxe":251,"minecraft:spruce_trapdoor":55,"intensehorror:mothman_wings_chestplate":1,"minecraft:pink_bed":2,"quark:dark_oak_chest":1,"minecraft:cobblestone":482,"minecraft:cooked_porkchop":2,"minecraft:dandelion":2,"minecraft:iron_shovel":250,"minecraft:oak_sign":1,"minecraft:polished_basalt":2,"minecraft:shield":44,"minecraft:milk_bucket":3,"minecraft:obsidian":10,"minecraft:lantern":17,"minecraft:packed_mud":1,"minecraft:deepslate_diamond_ore":17,"intensehorror:broken_bat_wing":2,"quark:dark_oak_ladder":80,"minecraft:golden_boots":1,"minecraft:dark_oak_stairs":174,"minecraft:diamond_boots":1,"minecraft:stone_pickaxe":44,"minecraft:oak_planks":454,"minecraft:ender_pearl":3,"minecraft:blue_bed":6,"minecraft:diamond_axe":873,"minecraft:sugar_cane":54,"minecraft:white_wool":2,"intensehorror:death_sickle":363,"minecraft:redstone_torch":3,"minecraft:bread":136,"minecraft:string":1,"minecraft:iron_door":3,"minecraft:deepslate":14,"minecraft:gravel":12,"intensehorror:strawberry_candy":7,"minecraft:grindstone":1,"minecraft:andesite":2,"minecraft:chain":46,"minecraft:experience_bottle":100,"minecraft:oak_fence":10,"quark:birch_chest":1,"minecraft:flint_and_steel":17,"tacz:gun_smith_table":3,"intensehorror:orange_candy":3,"minecraft:wooden_shovel":29,"minecraft:cooked_chicken":3,"minecraft:dirt":1892,"tacz:workbench_c":1,"tacz:workbench_a":2,"minecraft:granite":28,"minecraft:dark_oak_planks":8,"minecraft:cherry_trapdoor":52,"intensehorror:cooked_meat":1,"minecraft:golden_carrot":50,"minecraft:minecart":1,"intensehorror:lemon_candy":5,"minecraft:cooked_beef":31,"intensehorror:stacked_pumpkin":1,"minecraft:iron_leggings":1,"minecraft:cooked_mutton":8,"minecraft:cobblestone_stairs":108,"minecraft:baked_potato":5,"minecraft:cobblestone_slab":55,"minecraft:smoker":1,"minecraft:cherry_door":6,"minecraft:cracked_polished_blackstone_bricks":3,"minecraft:stone_axe":118,"minecraft:pink_petals":4,"minecraft:cherry_stairs":48,"minecraft:white_banner":1,"minecraft:bucket":62,"minecraft:wither_rose":1,"intensehorror:pitchfork_block":1,"minecraft:splash_potion":3},"minecraft:mined":{"minecraft:cut_sandstone_slab":1,"minecraft:cherry_log":30,"minecraft:granite":29,"minecraft:blue_wool":1,"tacz:gun_smith_table":1,"minecraft:spawner":1,"minecraft:polished_blackstone_bricks":20,"minecraft:tall_seagrass":1,"minecraft:dark_oak_trapdoor":3,"minecraft:fire":76,"minecraft:cobbled_deepslate":1,"intensehorror:black_cat":1,"minecraft:fletching_table":1,"minecraft:oak_sign":1,"minecraft:dirt_path":18,"minecraft:waxed_exposed_copper":3,"minecraft:iron_block":2,"minecraft:cut_sandstone":1,"minecraft:brown_mushroom":3,"minecraft:smoker":1,"quark:dark_oak_ladder":8,"minecraft:amethyst_cluster":1,"minecraft:torch":6,"minecraft:blast_furnace":2,"minecraft:sugar_cane":107,"minecraft:spruce_sign":5,"minecraft:cherry_slab":8,"minecraft:chain":36,"minecraft:cherry_fence":171,"minecraft:wheat":1,"minecraft:wither_rose":1,"minecraft:grass":177,"minecraft:cherry_button":5,"minecraft:deepslate":11,"minecraft:mossy_cobblestone":14,"intensehorror:wall_flags":1,"minecraft:sea_lantern":2,"minecraft:kelp":1,"minecraft:waxed_weathered_copper":3,"minecraft:redstone_ore":3,"minecraft:andesite":1,"minecraft:potatoes":2,"minecraft:rail":11,"minecraft:cherry_fence_gate":26,"minecraft:white_wool":2,"minecraft:cherry_planks":270,"minecraft:soul_sand":3,"minecraft:dandelion":2,"minecraft:campfire":1,"endofherobrine:glowing_obsidian":1,"minecraft:tall_grass":31,"minecraft:copper_ore":36,"minecraft:deepslate_gold_ore":8,"endofherobrine:mossy_stone_bricks":8,"minecraft:diorite":6,"minecraft:birch_leaves":1,"minecraft:gravel":11,"minecraft:gold_ore":8,"intensehorror:tombstone":1,"minecraft:cobblestone_stairs":26,"tacz:workbench_a":1,"minecraft:grass_block":396,"minecraft:cracked_polished_blackstone_bricks":7,"minecraft:sandstone_stairs":1,"minecraft:iron_ore":57,"minecraft:anvil":2,"minecraft:dark_oak_stairs":68,"minecraft:blackstone":6,"minecraft:poppy":4,"minecraft:nether_quartz_ore":17,"minecraft:cobblestone":100,"minecraft:wall_torch":11,"minecraft:pink_petals":4,"minecraft:seagrass":2,"minecraft:powered_rail":5,"minecraft:cherry_door":2,"minecraft:sand":9,"minecraft:dirt":657,"minecraft:netherrack":251,"minecraft:ancient_debris":13,"minecraft:oak_leaves":1,"minecraft:diamond_ore":3,"minecraft:glow_lichen":1,"minecraft:spruce_leaves":5,"minecraft:sandstone":3,"minecraft:hay_block":38,"minecraft:furnace":1,"minecraft:polished_basalt":2,"treechop:chopped_log":19,"minecraft:deepslate_iron_ore":22,"minecraft:stone":255,"minecraft:cherry_stairs":8,"minecraft:oak_fence":14,"minecraft:deepslate_coal_ore":1,"minecraft:lapis_ore":30,"minecraft:blue_bed":5,"minecraft:white_wall_banner":1,"minecraft:coal_ore":41,"minecraft:cherry_leaves":1,"minecraft:cracked_stone_bricks":10},"minecraft:killed":{"shy_guy:shy_guy_rage":1,"intensehorror:the_possessed":25,"intensehorror:fritz":22,"intensehorror:demon":10,"sanitydim:sneaking_terror":39,"minecraft:skeleton":76,"intensehorror:butcher":12,"the_knocker:knocker":1,"intensehorror:werewolf":10,"intensehorror:reaper":13,"intensehorror:headless_horseman":11,"intensehorror:chucky":10,"minecraft:magma_cube":14,"minecraft:salmon":27,"minecraft:iron_golem":1,"minecraft:pillager":25,"minecraft:zombie":123,"minecraft:glow_squid":1,"endofherobrine:pigman":3,"minecraft:cow":33,"intensehorror:severed_hand":19,"minecraft:vindicator":8,"intensehorror:deadly_sphere":18,"quark:toretoise":3,"minecraft:horse":1,"intensehorror:freddy_krueger":28,"intensehorror:mad_professor":18,"intensehorror:swamp_thing":12,"minecraft:husk":4,"graveyard:ghoul":3,"intensehorror:skelegang":17,"intensehorror:vampire":11,"intensehorror:clown":10,"minecraft:ravager":2,"intensehorror:cursed_scarecrow":8,"intensehorror:mothman":25,"intensehorror:jason_voorhees":22,"minecraft:enderman":1,"intensehorror:ghost":24,"endofherobrine:silverfish":21,"endofherobrine:pig":1,"intensehorror:vampire_bat":13,"minecraft:witch":2,"minecraft:zombified_piglin":3,"minecraft:spider":22,"intensehorror:mourning_wood":2,"quark:forgotten":2,"artifacts:mimic":2,"minecraft:piglin":6,"minecraft:pig":17,"minecraft:zombie_villager":4,"minecraft:creeper":24,"minecraft:sheep":13,"intensehorror:frankenstein":21,"intensehorror:michael_myers":16,"minecraft:ghast":1,"the_masked:red_heart":1,"cave_dweller:cave_dweller":2,"endofherobrine:cow":3,"apollyon:the_damned":59,"minecraft:blaze":22,"midnightlurker:void_hands":1,"sanitydim:rotting_stalker":66,"boiled_reimagined:the_boiled_one":50,"intensehorror:witch":1,"minecraft:slime":10,"minecraft:phantom":4,"the_masked:masked_intruder":1,"the_knocker:knockerstalklooked":1,"minecraft:drowned":1,"intensehorror:mummy":14,"intensehorror:pinhead":12,"intensehorror:creature_from_the_deep":12,"endofherobrine:villager":1,"quark:foxhound":1,"minecraft:bat":1,"intensehorror:ghostface":9,"endofherobrine:sheep":146,"minecraft:wither_skeleton":36},"minecraft:broken":{"minecraft:diamond_helmet":1,"minecraft:diamond_leggings":2,"minecraft:shield":21,"minecraft:iron_axe":1,"minecraft:iron_pickaxe":1,"minecraft:iron_shovel":1,"sanitydim:garland":13,"minecraft:diamond_boots":2,"minecraft:stone_axe":1,"minecraft:diamond_chestplate":2},"minecraft:custom":{"minecraft:interact_with_crafting_table":49,"minecraft:open_barrel":14,"minecraft:bell_ring":15,"minecraft:leave_game":43,"minecraft:time_since_death":17550,"minecraft:damage_blocked_by_shield":84085,"minecraft:play_time":1859390,"minecraft:deaths":41,"minecraft:jump":13987,"minecraft:interact_with_furnace":34,"minecraft:traded_with_villager":595,"minecraft:interact_with_cartography_table":1,"minecraft:sleep_in_bed":42,"minecraft:damage_dealt":83169,"minecraft:interact_with_smoker":19,"minecraft:damage_dealt_absorbed":603,"minecraft:sneak_time":43911,"minecraft:interact_with_blast_furnace":111,"minecraft:total_world_time":1859390,"minecraft:time_since_rest":17997,"minecraft:swim_one_cm":114715,"minecraft:fly_one_cm":4251873,"minecraft:open_chest":106,"minecraft:fall_one_cm":878981,"lootr:looted_stat":41,"minecraft:sprint_one_cm":2507772,"minecraft:drop":1191,"minecraft:talked_to_villager":423,"minecraft:walk_on_water_one_cm":90919,"minecraft:player_kills":24,"minecraft:crouch_one_cm":103592,"minecraft:mob_kills":1335,"minecraft:interact_with_campfire":2,"minecraft:damage_dealt_resisted":679,"minecraft:climb_one_cm":52190,"minecraft:walk_one_cm":3620626,"minecraft:raid_win":2,"minecraft:walk_under_water_one_cm":73904,"minecraft:boat_one_cm":85580,"minecraft:raid_trigger":2,"minecraft:damage_taken":61204,"minecraft:minecart_one_cm":304963},"minecraft:picked_up":{"minecraft:iron_chestplate":1,"minecraft:anvil":2,"minecraft:suspicious_stew":1,"intensehorror:pumpkin_launcher":1,"artifacts:bunny_hoppers":3,"minecraft:wither_rose":14,"minecraft:enchanted_book":1,"intensehorror:tombstone":1,"minecraft:golden_sword":1,"minecraft:amethyst_block":2,"minecraft:dark_oak_trapdoor":3,"minecraft:string":9,"minecraft:cooked_salmon":14,"intensehorror:jack_o_scarecrow":8,"intensehorror:nail":10,"minecraft:cobbled_deepslate":14,"intensehorror:charged_core":2,"minecraft:gold_nugget":1,"minecraft:waxed_weathered_copper":3,"intensehorror:double_jack_o_lantern":6,"relics:blazing_flask":1,"minecraft:composter":1,"minecraft:cherry_log":135,"minecraft:stone_sword":5,"minecraft:polished_basalt":2,"minecraft:iron_block":2,"minecraft:blaze_rod":13,"intensehorror:toxic_flask":2,"minecraft:birch_log":47,"minecraft:cooked_beef":12,"minecraft:iron_door":4,"minecraft:smoker":1,"minecraft:flint":7,"minecraft:cherry_fence":171,"minecraft:cherry_door":2,"tacz:ammo_box":3,"intensehorror:wall_bats":6,"intensehorror:wall_flags":8,"intensehorror:butchers_mask_helmet":1,"tacz:gun_smith_table":1,"minecraft:moss_block":1,"intensehorror:music_disc_night_of_fright":5,"sophisticatedbackpacks:iron_backpack":1,"intensehorror:golden_candy_bag":1,"minecraft:dark_oak_log":47,"intensehorror:orange_candy":7,"minecraft:granite":33,"minecraft:bread":1,"minecraft:cherry_slab":8,"minecraft:diamond_pickaxe":2,"intensehorror:spider":17,"intensehorror:lunar_tablet":12,"intensehorror:vampire_dagger":4,"minecraft:cornflower":1,"intensehorror:hanging_pumpkins":13,"intensehorror:lemon_candy":12,"minecraft:flint_and_steel":1,"tacz:ammo":484,"minecraft:compass":6,"minecraft:cracked_stone_bricks":3,"minecraft:beef":68,"intensehorror:horsemans_head_helmet":1,"minecraft:poppy":8,"minecraft:birch_sapling":50,"minecraft:cherry_button":6,"minecraft:egg":1,"minecraft:sandstone":3,"intensehorror:ectoplasm":28,"minecraft:oak_door":1,"sophisticatedbackpacks:backpack":1,"intensehorror:cooked_meat":1,"intensehorror:charged_staff":1,"minecraft:redstone":42,"intensehorror:exorcist_book":1,"minecraft:tnt":2,"intensehorror:neptunes_shell":1,"intensehorror:mothman_wings_chestplate":1,"minecraft:cooked_cod":1,"minecraft:hay_block":37,"minecraft:sandstone_stairs":1,"minecraft:gold_ingot":10,"minecraft:mutton":15,"minecraft:rail":9,"minecraft:white_wool":14,"minecraft:filled_map":1,"intensehorror:mothman_eyes":9,"intensehorror:pitchfork_block":1,"minecraft:oak_log":7,"minecraft:ancient_debris":13,"shy_guy:bag":2,"intensehorror:candy_bag":19,"sanitydim:garland":3,"minecraft:blue_bed":7,"minecraft:paper":1,"minecraft:white_banner":10,"minecraft:apple":4,"shy_guy:disturbing_photo":2,"minecraft:cobweb":5,"intensehorror:stacked_jack_o_lantern":2,"intensehorror:raw_meat":15,"minecraft:dark_oak_stairs":108,"minecraft:gravel":32,"intensehorror:hanging_pumpkin_lights":8,"minecraft:spruce_sapling":9,"minecraft:spruce_log":75,"minecraft:slime_ball":30,"tacz:modern_kinetic_gun":17,"minecraft:oak_button":1,"minecraft:baked_potato":6,"minecraft:ender_pearl":1,"intensehorror:autumnal_leaves":5,"minecraft:wheat":2,"minecraft:redstone_block":8,"minecraft:potion":1,"tacz:workbench_a":1,"minecraft:lapis_block":33,"minecraft:raw_copper":124,"minecraft:netherite_ingot":3,"minecraft:oak_sign":1,"intensehorror:undead_necklace":3,"minecraft:redstone_torch":2,"minecraft:calcite":1,"minecraft:furnace":1,"minecraft:stick":62,"intensehorror:hanging_skeleton":10,"minecraft:oak_fence":14,"minecraft:torch":34,"intensehorror:stacked_pumpkin":4,"minecraft:porkchop":42,"tacz:attachment":16,"minecraft:pointed_dripstone":2,"minecraft:diorite":7,"intensehorror:broken_bat_wing":3,"minecraft:rotten_flesh":113,"intensehorror:demon_book":3,"minecraft:cobblestone":903,"minecraft:pink_petals":15,"minecraft:magma_cream":1,"minecraft:cherry_planks":270,"minecraft:andesite":1,"intensehorror:freddys_claw":1,"minecraft:potato":8,"intensehorror:hanging_reaper":1,"shy_guy:scrambled_photo":1,"minecraft:lapis_lazuli":204,"minecraft:dirt":1098,"minecraft:cut_sandstone_slab":1,"minecraft:bone":102,"minecraft:bow":6,"minecraft:wheat_seeds":64,"minecraft:raw_gold":6,"minecraft:bell":1,"minecraft:fletching_table":1,"minecraft:powered_rail":5,"minecraft:waxed_exposed_copper":2,"intensehorror:killer_knife":1,"minecraft:ghast_tear":1,"intensehorror:book_of_horror":2,"quark:dark_oak_ladder":8,"minecraft:sand":13,"minecraft:diamond_block":9,"intensehorror:broken_letter":5,"minecraft:mossy_cobblestone":14,"intensehorror:death_sickle":3,"intensehorror:cherry_candy":8,"minecraft:diamond":5,"minecraft:cracked_polished_blackstone_bricks":7,"minecraft:grass":2,"minecraft:bone_meal":2,"minecraft:spruce_sign":6,"minecraft:emerald":2,"minecraft:oak_sapling":5,"minecraft:netherrack":800,"minecraft:charcoal":4,"minecraft:brown_mushroom":3,"intensehorror:scarecrow":3,"minecraft:wooden_pickaxe":1,"minecraft:chain":34,"minecraft:shield":1,"minecraft:blackstone":32,"graveyard:corruption":1,"minecraft:sugar_cane":207,"minecraft:phantom_membrane":2,"minecraft:dark_oak_sapling":5,"intensehorror:brain_in_a_jar":11,"minecraft:raw_iron":46,"minecraft:cherry_stairs":8,"minecraft:copper_ingot":16,"minecraft:polished_blackstone_bricks":20,"minecraft:cookie":198,"quark:birch_chest":1,"minecraft:cherry_fence_gate":23,"minecraft:arrow":65,"artifacts:running_shoes":1,"intensehorror:sand_blaster":1,"artifacts:eternal_steak":4,"minecraft:glow_ink_sac":6,"minecraft:salmon":27,"minecraft:leather":36,"minecraft:cut_sandstone":1,"minecraft:gunpowder":81,"minecraft:cobblestone_stairs":23,"quark:forgotten_hat":2,"minecraft:cooked_mutton":15,"intensehorror:black_cat":4,"minecraft:iron_ingot":39,"portablemobs:master_capture_cell":7,"minecraft:soul_sand":3,"minecraft:book":63,"intensehorror:apple_candy":8,"minecraft:quartz":25,"minecraft:dandelion":4,"minecraft:amethyst_shard":4,"minecraft:blast_furnace":2,"minecraft:spider_eye":8,"intensehorror:jason_mask_helmet":2,"intensehorror:strawberry_candy":10,"minecraft:iron_helmet":1,"minecraft:cherry_sapling":84,"minecraft:coal":126},"minecraft:crafted":{"intensehorror:charged_staff":1,"minecraft:pink_bed":1,"minecraft:chain":16,"minecraft:cooked_mutton":10,"minecraft:iron_bars":16,"minecraft:glass":24,"minecraft:diamond_helmet":1,"minecraft:diamond_leggings":13,"minecraft:iron_door":3,"minecraft:emerald":72,"minecraft:cooked_porkchop":13,"minecraft:diamond_axe":2,"minecraft:clock":12,"minecraft:copper_ingot":1408,"minecraft:campfire":1,"minecraft:compass":10,"minecraft:iron_block":28,"minecraft:gold_ingot":97,"minecraft:leather_leggings":2,"sanitydim:garland":6,"minecraft:pink_dye":4,"minecraft:lantern":36,"minecraft:diamond":126,"minecraft:ender_pearl":12,"minecraft:stone_pickaxe":1,"minecraft:diamond_boots":16,"minecraft:redstone_block":8,"minecraft:dark_oak_planks":8,"minecraft:chainmail_leggings":36,"minecraft:wheat":63,"minecraft:crossbow":24,"minecraft:leather_helmet":2,"sophisticatedbackpacks:gold_backpack":3,"minecraft:dark_oak_button":4,"minecraft:glowstone":12,"minecraft:enchanted_book":50,"minecraft:iron_shovel":1,"minecraft:iron_leggings":1,"minecraft:white_bed":1,"quark:cherry_chest":1,"minecraft:bow":30,"minecraft:iron_boots":25,"minecraft:copper_block":89,"minecraft:netherite_upgrade_smithing_template":30,"minecraft:cherry_fence":15,"minecraft:arrow":15,"minecraft:crafting_table":4,"minecraft:iron_helmet":37,"tacz:ammo_box":3,"minecraft:wooden_pickaxe":1,"minecraft:cherry_button":4,"minecraft:chainmail_chestplate":24,"minecraft:gold_block":19,"minecraft:birch_planks":74,"intensehorror:hanging_flags":10,"minecraft:diamond_pickaxe":1,"portablemobs:basic_capture_cell":1,"minecraft:iron_chestplate":1,"minecraft:charcoal":4,"minecraft:shield":39,"sophisticatedbackpacks:diamond_backpack":3,"minecraft:stick":20,"minecraft:iron_ingot":213,"minecraft:leather_chestplate":2,"intensehorror:brain_in_a_jar":8,"minecraft:cherry_planks":760,"minecraft:redstone":24,"minecraft:leather_boots":2,"minecraft:furnace":1,"minecraft:diamond_block":24,"minecraft:flint_and_steel":1,"quark:dark_oak_chest":1,"intensehorror:spider":12,"minecraft:iron_axe":12,"intensehorror:hanging_skeleton":10,"intensehorror:cooked_meat":8,"minecraft:cherry_fence_gate":18,"sophisticatedbackpacks:iron_backpack":3,"minecraft:cooked_beef":60,"minecraft:cooked_cod":24,"intensehorror:solar_tablet":1,"minecraft:iron_sword":3,"minecraft:bell":24,"minecraft:bucket":1,"minecraft:stone_axe":1,"minecraft:bread":1,"minecraft:air":0,"minecraft:torch":24,"intensehorror:double_pumpkin":10,"minecraft:lapis_lazuli":210,"minecraft:lapis_block":36,"minecraft:diamond_chestplate":1},"minecraft:dropped":{"minecraft:iron_sword":3,"minecraft:lapis_lazuli":12,"minecraft:cooked_beef":50,"minecraft:glow_ink_sac":6,"intensehorror:book_of_horror":2,"minecraft:diamond":1,"intensehorror:killer_knife":1,"minecraft:sandstone_stairs":1,"minecraft:crossbow":24,"minecraft:rail":2,"minecraft:cut_sandstone_slab":1,"minecraft:emerald":30,"minecraft:dirt":53,"relics:leather_belt":1,"minecraft:cherry_button":1,"minecraft:chain":4,"minecraft:gold_nugget":1,"minecraft:phantom_membrane":2,"minecraft:sand":11,"minecraft:iron_pickaxe":2,"minecraft:dark_oak_planks":26,"minecraft:white_wool":6,"minecraft:blue_bed":2,"minecraft:bone":103,"minecraft:oak_door":1,"minecraft:compass":16,"minecraft:sugar_cane":3,"intensehorror:hanging_skeleton":20,"minecraft:cobbled_deepslate":2,"minecraft:wheat":2,"minecraft:birch_sapling":40,"minecraft:waxed_weathered_copper":3,"minecraft:rotten_flesh":107,"intensehorror:jason_mask_helmet":2,"minecraft:salmon":27,"intensehorror:candy_bag":1,"minecraft:white_dye":2,"minecraft:glass":96,"intensehorror:horsemans_head_helmet":1,"minecraft:cherry_fence":4,"minecraft:lectern":1,"intensehorror:demon_book":2,"minecraft:enchanted_book":27,"minecraft:wheat_seeds":34,"minecraft:clock":12,"intensehorror:hanging_pumpkin_lights":8,"minecraft:tnt":1,"minecraft:book":4,"minecraft:iron_helmet":42,"minecraft:cobblestone":323,"minecraft:apple":1,"minecraft:granite":5,"minecraft:coal":37,"minecraft:cobweb":5,"minecraft:cherry_planks":9,"minecraft:cooked_salmon":14,"minecraft:diamond_helmet":2,"minecraft:white_banner":8,"minecraft:chainmail_leggings":36,"minecraft:paper":17,"minecraft:string":8,"minecraft:spruce_sapling":9,"artifacts:bunny_hoppers":3,"intensehorror:stacked_jack_o_lantern":2,"minecraft:netherite_ingot":6,"minecraft:stone_sword":5,"minecraft:bowl":1,"intensehorror:charged_staff":1,"minecraft:iron_boots":27,"shy_guy:disturbing_photo":2,"minecraft:oak_sign":1,"intensehorror:freddys_claw":1,"portablemobs:basic_capture_cell":1,"intensehorror:raw_meat":2,"artifacts:running_shoes":1,"minecraft:diamond_pickaxe":2,"minecraft:wooden_shovel":1,"artifacts:eternal_steak":5,"minecraft:redstone_torch":2,"minecraft:spider_eye":6,"intensehorror:nail":3,"tacz:ammo":48,"minecraft:sandstone":3,"minecraft:bow":34,"minecraft:red_tulip":128,"minecraft:bell":25,"minecraft:spruce_sign":4,"minecraft:brown_mushroom":3,"minecraft:moss_block":1,"minecraft:dark_oak_stairs":41,"minecraft:diamond_axe":1,"minecraft:oak_log":2,"minecraft:dark_oak_sapling":5,"minecraft:lantern":36,"minecraft:leather":4,"artifacts:night_vision_goggles":3,"intensehorror:double_jack_o_lantern":6,"minecraft:dark_oak_log":6,"intensehorror:hanging_flags":30,"artifacts:superstitious_hat":1,"intensehorror:autumnal_leaves":5,"minecraft:cornflower":1,"minecraft:mutton":1,"minecraft:cooked_cod":1,"minecraft:cut_sandstone":1,"intensehorror:stacked_pumpkin":3,"minecraft:gravel":20,"intensehorror:toxic_flask":2,"minecraft:cherry_stairs":1,"intensehorror:brain_in_a_jar":19,"minecraft:cherry_sapling":1,"intensehorror:undead_necklace":1,"portablemobs:master_capture_cell":12,"minecraft:cooked_mutton":17,"patchouli:guide_book":1,"minecraft:chainmail_chestplate":24,"minecraft:poppy":16,"minecraft:gunpowder":1,"intensehorror:scarecrow":3,"minecraft:glowstone":12,"intensehorror:lunar_tablet":1,"minecraft:arrow":295,"minecraft:powered_rail":3,"intensehorror:vampire_dagger":1,"minecraft:netherrack":150,"intensehorror:charged_core":1,"minecraft:bread":59,"intensehorror:broken_letter":9,"minecraft:diamond_leggings":14,"minecraft:amethyst_block":2,"intensehorror:butchers_mask_helmet":1,"intensehorror:jack_o_scarecrow":8,"minecraft:grass_block":1,"minecraft:stick":9,"tacz:ammo_box":5,"minecraft:diorite":1,"minecraft:waxed_exposed_copper":2,"minecraft:torch":68,"minecraft:iron_door":1,"minecraft:iron_leggings":2,"intensehorror:music_disc_night_of_fright":4,"tacz:modern_kinetic_gun":5,"minecraft:wither_rose":2,"minecraft:iron_axe":12,"minecraft:pink_petals":5,"intensehorror:mothman_eyes":8,"intensehorror:broken_bat_wing":1,"minecraft:dandelion":9,"minecraft:redstone":19,"minecraft:anvil":1,"intensehorror:wall_flags":11,"intensehorror:ectoplasm":15,"minecraft:raw_copper":10,"relics:blazing_flask":1,"minecraft:flint_and_steel":2,"minecraft:filled_map":1,"relics:magic_mirror":1,"minecraft:shield":36,"intensehorror:double_pumpkin":20,"minecraft:diamond_chestplate":2,"intensehorror:spider":28,"minecraft:iron_chestplate":4,"minecraft:andesite":1,"sanitydim:garland":5,"minecraft:oak_sapling":5,"minecraft:golden_sword":1,"minecraft:diamond_boots":17,"minecraft:wooden_pickaxe":1,"intensehorror:hanging_pumpkins":13,"minecraft:calcite":1}},"DataVersion":3465}