{"stats":{"minecraft:killed":{"endofherobrine:silverfish":20,"endofherobrine:pig":1,"intensehorror:vampire_bat":5,"minecraft:witch":2,"intensehorror:the_possessed":10,"intensehorror:fritz":5,"minecraft:spider":10,"intensehorror:demon":1,"sanitydim:sneaking_terror":20,"quark:forgotten":1,"minecraft:skeleton":31,"intensehorror:butcher":2,"intensehorror:werewolf":3,"intensehorror:reaper":3,"intensehorror:headless_horseman":3,"artifacts:mimic":2,"intensehorror:chucky":4,"minecraft:pig":17,"minecraft:zombie_villager":2,"minecraft:salmon":27,"minecraft:iron_golem":1,"minecraft:creeper":14,"minecraft:sheep":10,"intensehorror:frankenstein":12,"intensehorror:michael_myers":4,"minecraft:pillager":1,"minecraft:zombie":51,"the_masked:red_heart":1,"minecraft:glow_squid":1,"cave_dweller:cave_dweller":1,"endofherobrine:cow":2,"endofherobrine:pigman":1,"apollyon:the_damned":28,"minecraft:cow":30,"midnightlurker:void_hands":1,"intensehorror:deadly_sphere":3,"sanitydim:rotting_stalker":33,"boiled_reimagined:the_boiled_one":19,"intensehorror:witch":1,"minecraft:phantom":3,"minecraft:horse":1,"the_masked:masked_intruder":1,"intensehorror:freddy_krueger":11,"intensehorror:mummy":3,"intensehorror:pinhead":4,"intensehorror:mad_professor":4,"intensehorror:creature_from_the_deep":4,"intensehorror:swamp_thing":6,"graveyard:ghoul":1,"intensehorror:skelegang":6,"intensehorror:vampire":4,"intensehorror:ghostface":6,"intensehorror:cursed_scarecrow":6,"intensehorror:mothman":6,"intensehorror:jason_voorhees":8,"endofherobrine:sheep":27,"intensehorror:ghost":4},"minecraft:used":{"minecraft:shield":17,"sanitydim:garland":11,"intensehorror:cherry_candy":1,"minecraft:milk_bucket":1,"minecraft:deepslate_diamond_ore":17,"intensehorror:broken_bat_wing":2,"minecraft:furnace":2,"minecraft:cooked_cod":12,"minecraft:egg":1,"minecraft:dark_oak_stairs":102,"minecraft:diorite":10,"minecraft:stone_pickaxe":44,"minecraft:wooden_pickaxe":18,"minecraft:blue_bed":5,"minecraft:diamond_axe":303,"minecraft:sugar_cane":54,"minecraft:sand":1,"minecraft:blast_furnace":6,"intensehorror:death_sickle":25,"minecraft:redstone_torch":2,"minecraft:bread":123,"minecraft:string":1,"minecraft:lectern":2,"minecraft:deepslate":14,"minecraft:gravel":12,"intensehorror:strawberry_candy":3,"minecraft:andesite":2,"minecraft:chain":36,"minecraft:oak_boat":1,"tacz:gun_smith_table":3,"intensehorror:orange_candy":1,"minecraft:wooden_shovel":4,"minecraft:cooked_chicken":3,"minecraft:torch":63,"minecraft:dirt":1766,"intensehorror:apple_candy":1,"tacz:workbench_c":1,"tacz:workbench_a":2,"minecraft:granite":28,"minecraft:iron_axe":136,"minecraft:cherry_slab":14,"minecraft:cherry_trapdoor":10,"minecraft:cherry_fence_gate":25,"intensehorror:cooked_meat":1,"minecraft:beef":3,"intensehorror:lemon_candy":1,"minecraft:cooked_beef":31,"minecraft:cobbled_deepslate":1,"minecraft:cherry_fence":206,"minecraft:cherry_log":75,"minecraft:iron_leggings":1,"minecraft:wheat_seeds":2,"minecraft:cooked_mutton":8,"minecraft:water_bucket":52,"minecraft:cobblestone_stairs":69,"minecraft:birch_planks":13,"minecraft:baked_potato":5,"minecraft:cherry_planks":371,"minecraft:cobblestone_slab":44,"minecraft:cracked_stone_bricks":3,"minecraft:crafting_table":4,"minecraft:campfire":7,"minecraft:white_bed":7,"minecraft:smoker":1,"minecraft:diamond_pickaxe":253,"minecraft:diamond_shovel":653,"minecraft:cherry_door":6,"minecraft:oak_button":31,"minecraft:iron_pickaxe":251,"minecraft:spruce_trapdoor":3,"minecraft:stone_axe":118,"minecraft:pink_bed":1,"minecraft:cobblestone":370,"minecraft:cherry_stairs":23,"minecraft:cooked_porkchop":2,"minecraft:bucket":53,"minecraft:wither_rose":1,"minecraft:dandelion":1},"minecraft:broken":{"minecraft:diamond_helmet":1,"sanitydim:garland":11,"minecraft:diamond_boots":1,"minecraft:stone_axe":1,"minecraft:diamond_chestplate":1,"minecraft:diamond_leggings":1,"minecraft:shield":8,"minecraft:iron_axe":1,"minecraft:iron_pickaxe":1},"minecraft:dropped":{"minecraft:spruce_sign":1,"minecraft:moss_block":1,"minecraft:cooked_beef":50,"minecraft:glow_ink_sac":6,"intensehorror:book_of_horror":1,"minecraft:dark_oak_sapling":5,"artifacts:night_vision_goggles":3,"minecraft:dirt":5,"relics:leather_belt":1,"minecraft:dark_oak_log":6,"intensehorror:autumnal_leaves":5,"minecraft:cooked_cod":1,"minecraft:chain":4,"minecraft:phantom_membrane":1,"minecraft:sand":8,"minecraft:white_wool":5,"minecraft:blue_bed":2,"minecraft:bone":16,"minecraft:oak_door":1,"minecraft:gravel":3,"intensehorror:toxic_flask":1,"minecraft:sugar_cane":3,"minecraft:cherry_stairs":1,"intensehorror:brain_in_a_jar":2,"minecraft:wheat":1,"minecraft:birch_sapling":36,"minecraft:rotten_flesh":23,"minecraft:cooked_mutton":9,"minecraft:salmon":27,"patchouli:guide_book":1,"minecraft:poppy":14,"intensehorror:lunar_tablet":1,"minecraft:arrow":16,"minecraft:cherry_fence":4,"intensehorror:charged_core":1,"minecraft:bread":52,"intensehorror:broken_letter":1,"minecraft:wheat_seeds":8,"intensehorror:hanging_pumpkin_lights":2,"minecraft:diamond_leggings":1,"minecraft:iron_helmet":1,"minecraft:cobblestone":1,"minecraft:granite":5,"intensehorror:butchers_mask_helmet":1,"intensehorror:jack_o_scarecrow":1,"minecraft:stick":9,"tacz:ammo_box":1,"minecraft:diorite":1,"minecraft:torch":68,"minecraft:cooked_salmon":14,"minecraft:diamond_helmet":1,"minecraft:iron_leggings":1,"intensehorror:music_disc_night_of_fright":1,"tacz:modern_kinetic_gun":2,"minecraft:wither_rose":1,"artifacts:bunny_hoppers":3,"minecraft:pink_petals":4,"intensehorror:mothman_eyes":1,"intensehorror:broken_bat_wing":1,"minecraft:dandelion":8,"intensehorror:stacked_jack_o_lantern":1,"intensehorror:wall_flags":8,"intensehorror:ectoplasm":2,"minecraft:iron_boots":2,"shy_guy:disturbing_photo":2,"minecraft:oak_sign":1,"portablemobs:basic_capture_cell":1,"intensehorror:freddys_claw":1,"minecraft:filled_map":1,"relics:magic_mirror":1,"minecraft:diamond_chestplate":1,"minecraft:diamond_pickaxe":1,"minecraft:iron_chestplate":3,"minecraft:andesite":1,"sanitydim:garland":5,"minecraft:redstone_torch":2,"intensehorror:nail":3,"minecraft:diamond_boots":1,"minecraft:sandstone":3,"minecraft:bell":1,"intensehorror:hanging_pumpkins":2},"minecraft:crafted":{"minecraft:pink_bed":1,"minecraft:chain":16,"quark:cherry_chest":1,"minecraft:cooked_mutton":10,"minecraft:iron_bars":16,"minecraft:diamond_helmet":1,"minecraft:diamond_leggings":1,"minecraft:iron_boots":1,"minecraft:copper_block":89,"minecraft:cherry_fence":15,"minecraft:cooked_porkchop":13,"minecraft:diamond_axe":1,"minecraft:crafting_table":4,"minecraft:iron_helmet":1,"tacz:ammo_box":1,"minecraft:wooden_pickaxe":1,"minecraft:copper_ingot":832,"minecraft:gold_block":14,"minecraft:birch_planks":74,"minecraft:campfire":1,"portablemobs:basic_capture_cell":1,"minecraft:iron_chestplate":1,"minecraft:diamond_pickaxe":1,"minecraft:charcoal":4,"minecraft:stick":20,"minecraft:iron_ingot":213,"minecraft:iron_block":21,"minecraft:gold_ingot":52,"minecraft:cherry_planks":336,"minecraft:furnace":1,"sanitydim:garland":6,"minecraft:pink_dye":4,"minecraft:diamond_block":19,"quark:dark_oak_chest":1,"minecraft:stone_pickaxe":1,"minecraft:diamond_boots":1,"minecraft:redstone_block":8,"minecraft:dark_oak_planks":8,"intensehorror:cooked_meat":8,"minecraft:wheat":63,"minecraft:cherry_fence_gate":18,"sophisticatedbackpacks:iron_backpack":1,"minecraft:cooked_beef":60,"minecraft:cooked_cod":24,"minecraft:bucket":1,"minecraft:stone_axe":1,"minecraft:bread":1,"minecraft:air":0,"minecraft:iron_leggings":1,"minecraft:white_bed":1,"minecraft:torch":24,"minecraft:lapis_block":36,"minecraft:diamond_chestplate":1},"minecraft:custom":{"lootr:looted_stat":30,"minecraft:interact_with_crafting_table":35,"minecraft:open_barrel":1,"minecraft:leave_game":36,"minecraft:time_since_death":197946,"minecraft:sprint_one_cm":1166467,"minecraft:damage_blocked_by_shield":34000,"minecraft:drop":301,"minecraft:talked_to_villager":2,"minecraft:play_time":929569,"minecraft:deaths":21,"minecraft:jump":6860,"minecraft:walk_on_water_one_cm":74688,"minecraft:interact_with_furnace":31,"minecraft:sleep_in_bed":16,"minecraft:damage_dealt":26605,"minecraft:player_kills":11,"minecraft:crouch_one_cm":65132,"minecraft:interact_with_smoker":19,"minecraft:mob_kills":494,"minecraft:interact_with_campfire":2,"minecraft:climb_one_cm":9597,"minecraft:walk_one_cm":1827376,"minecraft:damage_dealt_absorbed":169,"minecraft:walk_under_water_one_cm":68405,"minecraft:sneak_time":26236,"minecraft:boat_one_cm":85580,"minecraft:interact_with_blast_furnace":107,"minecraft:total_world_time":929569,"minecraft:time_since_rest":80314,"minecraft:damage_taken":36156,"minecraft:swim_one_cm":92275,"minecraft:fly_one_cm":1785489,"minecraft:open_chest":76,"minecraft:fall_one_cm":331209},"minecraft:picked_up":{"intensehorror:autumnal_leaves":5,"minecraft:iron_chestplate":1,"minecraft:wheat":1,"minecraft:anvil":1,"artifacts:bunny_hoppers":2,"minecraft:wither_rose":6,"tacz:workbench_a":1,"minecraft:string":4,"minecraft:raw_copper":115,"minecraft:cooked_salmon":14,"minecraft:oak_sign":1,"intensehorror:jack_o_scarecrow":3,"intensehorror:nail":3,"intensehorror:charged_core":2,"minecraft:cobbled_deepslate":7,"intensehorror:undead_necklace":1,"minecraft:redstone_torch":2,"minecraft:stick":59,"minecraft:oak_fence":8,"minecraft:torch":22,"minecraft:porkchop":42,"tacz:attachment":16,"minecraft:cherry_log":116,"minecraft:diorite":7,"intensehorror:broken_bat_wing":3,"minecraft:rotten_flesh":23,"intensehorror:demon_book":1,"intensehorror:toxic_flask":1,"minecraft:cobblestone":254,"minecraft:birch_log":47,"minecraft:pink_petals":8,"minecraft:cooked_beef":12,"minecraft:cherry_planks":98,"minecraft:andesite":1,"intensehorror:freddys_claw":1,"minecraft:smoker":1,"minecraft:flint":2,"minecraft:cherry_fence":4,"minecraft:lapis_lazuli":196,"minecraft:cherry_door":2,"minecraft:dirt":691,"minecraft:bone":21,"minecraft:wheat_seeds":35,"minecraft:raw_gold":6,"minecraft:bell":1,"intensehorror:wall_flags":8,"intensehorror:butchers_mask_helmet":1,"tacz:gun_smith_table":1,"minecraft:moss_block":1,"intensehorror:music_disc_night_of_fright":1,"intensehorror:book_of_horror":1,"minecraft:sand":9,"intensehorror:broken_letter":1,"minecraft:dark_oak_log":47,"minecraft:mossy_cobblestone":14,"intensehorror:death_sickle":1,"intensehorror:cherry_candy":4,"intensehorror:orange_candy":3,"minecraft:diamond":3,"minecraft:granite":33,"minecraft:bone_meal":2,"minecraft:spruce_sign":1,"minecraft:cherry_slab":6,"minecraft:diamond_pickaxe":1,"minecraft:charcoal":4,"intensehorror:lunar_tablet":5,"intensehorror:vampire_dagger":2,"minecraft:chain":22,"minecraft:shield":1,"intensehorror:hanging_pumpkins":2,"intensehorror:lemon_candy":4,"tacz:ammo":220,"graveyard:corruption":1,"minecraft:cracked_stone_bricks":3,"minecraft:beef":64,"minecraft:poppy":6,"minecraft:sugar_cane":207,"minecraft:birch_sapling":36,"minecraft:phantom_membrane":1,"minecraft:egg":1,"intensehorror:brain_in_a_jar":2,"minecraft:dark_oak_sapling":5,"minecraft:raw_iron":41,"minecraft:sandstone":3,"intensehorror:ectoplasm":6,"minecraft:cherry_stairs":5,"minecraft:oak_door":1,"minecraft:copper_ingot":16,"sophisticatedbackpacks:backpack":1,"intensehorror:cooked_meat":1,"minecraft:redstone":14,"intensehorror:exorcist_book":1,"minecraft:cherry_fence_gate":13,"intensehorror:mothman_wings_chestplate":1,"minecraft:arrow":22,"minecraft:cooked_cod":1,"minecraft:hay_block":37,"minecraft:gold_ingot":6,"minecraft:mutton":14,"minecraft:white_wool":10,"minecraft:glow_ink_sac":6,"minecraft:salmon":27,"minecraft:leather":25,"minecraft:filled_map":1,"intensehorror:mothman_eyes":2,"minecraft:cobblestone_stairs":2,"minecraft:gunpowder":12,"intensehorror:candy_bag":10,"sanitydim:garland":3,"minecraft:blue_bed":7,"quark:forgotten_hat":1,"minecraft:cooked_mutton":7,"minecraft:apple":1,"shy_guy:disturbing_photo":2,"minecraft:iron_ingot":33,"intensehorror:stacked_jack_o_lantern":1,"intensehorror:raw_meat":7,"minecraft:dark_oak_stairs":6,"intensehorror:apple_candy":2,"minecraft:dandelion":2,"minecraft:gravel":15,"intensehorror:hanging_pumpkin_lights":6,"minecraft:blast_furnace":1,"intensehorror:strawberry_candy":5,"tacz:modern_kinetic_gun":11,"minecraft:cherry_sapling":84,"minecraft:oak_button":1,"minecraft:baked_potato":6,"minecraft:coal":39},"minecraft:killed_by":{"intensehorror:the_possessed":1,"sanitydim:rotting_stalker":3,"intensehorror:demon":1,"intensehorror:freddy_krueger":1,"sanitydim:sneaking_terror":2,"intensehorror:mothman":1,"intensehorror:severed_hand":1,"minecraft:player":1,"intensehorror:headless_horseman":1},"minecraft:mined":{"minecraft:cherry_log":12,"minecraft:cobblestone_stairs":2,"tacz:workbench_a":1,"minecraft:granite":29,"minecraft:grass_block":395,"minecraft:blue_wool":1,"tacz:gun_smith_table":1,"minecraft:tall_seagrass":1,"minecraft:iron_ore":55,"minecraft:fire":4,"minecraft:anvil":1,"minecraft:dark_oak_stairs":6,"minecraft:oak_sign":1,"minecraft:dirt_path":18,"minecraft:smoker":1,"minecraft:torch":5,"minecraft:blast_furnace":1,"minecraft:poppy":3,"minecraft:cobblestone":77,"minecraft:sugar_cane":107,"minecraft:wall_torch":8,"minecraft:spruce_sign":1,"minecraft:cherry_slab":6,"minecraft:pink_petals":3,"minecraft:seagrass":2,"minecraft:cherry_fence":3,"minecraft:chain":24,"minecraft:cherry_door":2,"minecraft:wither_rose":1,"minecraft:grass":158,"minecraft:sand":8,"minecraft:dirt":285,"minecraft:oak_leaves":1,"minecraft:deepslate":4,"minecraft:diamond_ore":3,"minecraft:mossy_cobblestone":14,"intensehorror:wall_flags":1,"minecraft:sea_lantern":2,"minecraft:kelp":1,"minecraft:sandstone":3,"minecraft:hay_block":38,"minecraft:redstone_ore":3,"minecraft:andesite":1,"treechop:chopped_log":15,"minecraft:deepslate_iron_ore":15,"minecraft:stone":180,"minecraft:cherry_fence_gate":14,"minecraft:cherry_stairs":5,"minecraft:cherry_planks":97,"minecraft:dandelion":1,"minecraft:oak_fence":8,"minecraft:campfire":1,"minecraft:copper_ore":36,"minecraft:tall_grass":28,"minecraft:deepslate_coal_ore":1,"minecraft:lapis_ore":30,"minecraft:deepslate_gold_ore":5,"endofherobrine:mossy_stone_bricks":8,"minecraft:diorite":6,"minecraft:blue_bed":5,"minecraft:birch_leaves":1,"minecraft:coal_ore":41,"minecraft:gravel":11,"minecraft:cracked_stone_bricks":10,"minecraft:gold_ore":8}},"DataVersion":3465}