{"stats":{"minecraft:killed":{"minecraft:pig":1,"minecraft:salmon":15,"sanitydim:sneaking_terror":1,"minecraft:zombie":1},"minecraft:used":{"minecraft:cooked_mutton":7,"intensehorror:stacked_jack_o_lantern":1,"minecraft:birch_planks":4,"minecraft:stone_pickaxe":134,"minecraft:wooden_pickaxe":53,"minecraft:cherry_planks":1,"minecraft:cooked_salmon":7,"minecraft:dirt":4,"intensehorror:wall_flags":2,"minecraft:crafting_table":3,"minecraft:wooden_axe":53,"intensehorror:black_cat":2,"minecraft:cherry_fence_gate":1,"minecraft:stone_axe":9,"minecraft:cobblestone":29,"minecraft:furnace":1,"minecraft:cooked_beef":34},"minecraft:broken":{"minecraft:wooden_axe":1,"sanitydim:garland":2,"minecraft:wooden_pickaxe":1},"minecraft:dropped":{"minecraft:cooked_beef":6},"minecraft:crafted":{"minecraft:wooden_shovel":1,"minecraft:crafting_table":2,"minecraft:wooden_pickaxe":2,"minecraft:furnace":1,"minecraft:birch_planks":72,"sanitydim:garland":1,"minecraft:stone_axe":1,"minecraft:stick":28,"minecraft:iron_ingot":1,"minecraft:stone_pickaxe":2,"minecraft:wooden_axe":3},"minecraft:custom":{"minecraft:interact_with_furnace":2,"minecraft:mob_kills":19,"minecraft:interact_with_crafting_table":10,"minecraft:interact_with_campfire":8,"minecraft:sleep_in_bed":1,"minecraft:time_since_death":18145,"minecraft:leave_game":6,"minecraft:climb_one_cm":3896,"minecraft:time_since_rest":18204,"minecraft:sprint_one_cm":108276,"minecraft:damage_taken":20350,"minecraft:walk_one_cm":755612,"minecraft:drop":6,"minecraft:damage_dealt":1992,"minecraft:swim_one_cm":71982,"minecraft:fly_one_cm":304865,"minecraft:player_kills":1,"minecraft:open_chest":5,"minecraft:crouch_one_cm":254,"minecraft:play_time":449728,"minecraft:sneak_time":1278,"minecraft:deaths":23,"minecraft:walk_under_water_one_cm":82367,"minecraft:boat_one_cm":41331,"minecraft:jump":1885,"minecraft:walk_on_water_one_cm":56114,"minecraft:total_world_time":449728,"minecraft:fall_one_cm":76123},"minecraft:picked_up":{"minecraft:birch_log":25,"minecraft:crafting_table":2,"minecraft:cooked_beef":47,"minecraft:cherry_planks":1,"minecraft:salmon":41,"artifacts:bunny_hoppers":1,"minecraft:birch_planks":2,"minecraft:wither_rose":1,"intensehorror:mothman_eyes":1,"minecraft:flint":2,"minecraft:chain":2,"sanitydim:garland":4,"minecraft:dirt":22,"minecraft:cooked_salmon":7,"minecraft:cooked_mutton":7,"minecraft:wheat_seeds":1,"minecraft:cobbled_deepslate":10,"intensehorror:black_cat":2,"intensehorror:wall_flags":2,"intensehorror:double_jack_o_lantern":4,"minecraft:poppy":6,"intensehorror:stacked_jack_o_lantern":1,"minecraft:birch_sapling":9,"minecraft:stick":2,"minecraft:raw_iron":1,"intensehorror:ectoplasm":15,"minecraft:torch":6,"minecraft:dandelion":18,"minecraft:gravel":1,"minecraft:porkchop":3,"minecraft:cherry_fence_gate":1,"minecraft:arrow":5,"minecraft:rotten_flesh":11,"minecraft:stone_axe":1,"minecraft:peony":18,"minecraft:coal":48,"minecraft:cobblestone":74},"minecraft:mined":{"minecraft:dandelion":10,"minecraft:crafting_table":1,"minecraft:grass_block":5,"minecraft:poppy":6,"minecraft:cobblestone":8,"minecraft:spruce_leaves":1,"minecraft:seagrass":2,"minecraft:tall_seagrass":2,"treechop:chopped_log":4,"intensehorror:black_cat":1,"minecraft:peony":21,"minecraft:grass":10,"minecraft:coal_ore":36,"minecraft:deepslate_iron_ore":1,"intensehorror:stacked_jack_o_lantern":1,"minecraft:gravel":3,"minecraft:dirt":11,"minecraft:stone":65,"minecraft:deepslate":11},"minecraft:killed_by":{"sanitydim:sneaking_terror":2,"intensehorror:mad_professor":1,"minecraft:player":5,"intensehorror:butcher":2,"intensehorror:fritz":1,"sanitydim:rotting_stalker":3,"intensehorror:werewolf":1,"intensehorror:mourning_wood":1}},"DataVersion":3465}