{"stats":{"minecraft:killed":{"minecraft:pig":1,"minecraft:salmon":15,"sanitydim:sneaking_terror":1,"minecraft:skeleton":2,"minecraft:zombie":1},"minecraft:used":{"minecraft:cooked_mutton":7,"intensehorror:stacked_jack_o_lantern":1,"minecraft:birch_planks":4,"minecraft:stone_pickaxe":261,"minecraft:wooden_pickaxe":53,"minecraft:cherry_planks":1,"minecraft:cooked_salmon":10,"minecraft:salmon":11,"minecraft:torch":9,"minecraft:dirt":4,"intensehorror:wall_flags":2,"minecraft:crafting_table":6,"minecraft:dark_oak_planks":1,"minecraft:wooden_axe":65,"intensehorror:black_cat":2,"minecraft:iron_axe":1,"minecraft:bread":3,"minecraft:iron_pickaxe":1,"minecraft:gravel":1,"minecraft:cherry_fence_gate":1,"minecraft:stone_axe":12,"minecraft:cobblestone":47,"minecraft:furnace":1,"minecraft:cooked_beef":34},"minecraft:dropped":{"minecraft:cooked_beef":6},"minecraft:broken":{"minecraft:stone_pickaxe":1,"minecraft:wooden_axe":2,"sanitydim:garland":3,"minecraft:wooden_pickaxe":1},"minecraft:crafted":{"minecraft:wooden_shovel":1,"minecraft:crafting_table":4,"minecraft:dark_oak_wood":3,"minecraft:wooden_pickaxe":2,"minecraft:iron_helmet":1,"minecraft:furnace":1,"minecraft:birch_planks":72,"sanitydim:garland":1,"minecraft:pink_dye":2,"minecraft:stone_axe":1,"minecraft:iron_chestplate":1,"minecraft:iron_boots":1,"minecraft:shield":1,"minecraft:iron_axe":1,"minecraft:iron_pickaxe":1,"minecraft:stick":28,"minecraft:iron_ingot":49,"minecraft:stone_pickaxe":3,"minecraft:wooden_axe":3,"minecraft:iron_leggings":1,"minecraft:dark_oak_planks":20,"minecraft:torch":16},"minecraft:custom":{"minecraft:interact_with_furnace":3,"minecraft:mob_kills":21,"minecraft:interact_with_crafting_table":17,"minecraft:interact_with_campfire":16,"minecraft:sleep_in_bed":1,"minecraft:time_since_death":29415,"minecraft:leave_game":6,"minecraft:climb_one_cm":3896,"minecraft:time_since_rest":29513,"minecraft:sprint_one_cm":110971,"minecraft:damage_taken":21000,"minecraft:walk_one_cm":874262,"minecraft:drop":6,"minecraft:damage_dealt":2716,"minecraft:swim_one_cm":71982,"minecraft:fly_one_cm":310603,"minecraft:player_kills":1,"minecraft:open_chest":5,"minecraft:crouch_one_cm":299,"minecraft:play_time":497728,"minecraft:sneak_time":1444,"minecraft:deaths":24,"minecraft:walk_under_water_one_cm":82367,"minecraft:boat_one_cm":41331,"minecraft:jump":1990,"minecraft:interact_with_blast_furnace":9,"minecraft:walk_on_water_one_cm":56114,"minecraft:total_world_time":497728,"minecraft:fall_one_cm":82408},"minecraft:picked_up":{"minecraft:birch_log":25,"minecraft:crafting_table":3,"minecraft:cooked_beef":48,"artifacts:night_vision_goggles":1,"minecraft:cherry_planks":1,"intensehorror:freddys_claw":1,"minecraft:salmon":41,"artifacts:bunny_hoppers":1,"minecraft:birch_planks":2,"minecraft:wither_rose":1,"intensehorror:mothman_eyes":1,"minecraft:flint":2,"minecraft:chain":2,"sanitydim:garland":4,"minecraft:dirt":33,"minecraft:cooked_salmon":15,"minecraft:cooked_mutton":7,"minecraft:wheat_seeds":1,"minecraft:cobbled_deepslate":25,"intensehorror:black_cat":2,"intensehorror:wall_flags":2,"intensehorror:double_jack_o_lantern":4,"minecraft:poppy":6,"intensehorror:stacked_jack_o_lantern":1,"minecraft:birch_sapling":9,"minecraft:stick":8,"minecraft:raw_iron":49,"intensehorror:ectoplasm":16,"minecraft:torch":6,"minecraft:dandelion":18,"minecraft:gravel":1,"minecraft:porkchop":3,"minecraft:blast_furnace":1,"minecraft:dark_oak_log":6,"minecraft:cherry_fence_gate":1,"minecraft:arrow":5,"minecraft:rotten_flesh":11,"minecraft:stone_axe":1,"minecraft:peony":18,"intensehorror:ghostface_mask_helmet":1,"minecraft:bread":28,"minecraft:coal":80,"minecraft:cobblestone":86},"minecraft:mined":{"minecraft:dandelion":10,"minecraft:crafting_table":2,"minecraft:blast_furnace":1,"minecraft:grass_block":5,"minecraft:poppy":6,"minecraft:deepslate_coal_ore":3,"minecraft:cobblestone":8,"minecraft:spruce_leaves":1,"minecraft:seagrass":2,"minecraft:tall_seagrass":2,"minecraft:iron_ore":35,"treechop:chopped_log":4,"intensehorror:black_cat":1,"minecraft:peony":21,"minecraft:grass":10,"minecraft:coal_ore":65,"minecraft:deepslate_iron_ore":14,"intensehorror:stacked_jack_o_lantern":1,"minecraft:gravel":3,"minecraft:dirt":24,"minecraft:stone":77,"minecraft:deepslate":26},"minecraft:killed_by":{"sanitydim:sneaking_terror":2,"intensehorror:mad_professor":1,"minecraft:player":5,"intensehorror:ghost":1,"intensehorror:butcher":2,"intensehorror:fritz":1,"sanitydim:rotting_stalker":3,"intensehorror:werewolf":1,"intensehorror:mourning_wood":1}},"DataVersion":3465}