{"stats":{"minecraft:killed":{"minecraft:pig":4,"minecraft:salmon":15,"sanitydim:sneaking_terror":1,"minecraft:sheep":2,"minecraft:skeleton":2,"minecraft:zombie":1,"endofherobrine:sheep":1,"endofherobrine:cow":1,"endofherobrine:pigman":1},"minecraft:used":{"minecraft:cooked_mutton":7,"intensehorror:stacked_jack_o_lantern":1,"minecraft:birch_planks":4,"minecraft:stone_pickaxe":261,"minecraft:wooden_pickaxe":53,"minecraft:cherry_planks":2,"minecraft:cooked_salmon":10,"minecraft:salmon":11,"minecraft:torch":10,"minecraft:dirt":6,"intensehorror:wall_flags":2,"minecraft:crafting_table":7,"minecraft:blast_furnace":1,"minecraft:dark_oak_planks":1,"minecraft:wooden_axe":65,"intensehorror:black_cat":2,"minecraft:iron_axe":40,"minecraft:bread":4,"minecraft:iron_pickaxe":46,"minecraft:gravel":1,"minecraft:cherry_fence_gate":1,"minecraft:stone_axe":12,"minecraft:cobblestone":47,"minecraft:furnace":1,"minecraft:cooked_beef":34},"minecraft:dropped":{"minecraft:dark_oak_stairs":2,"minecraft:wheat_seeds":2,"intensehorror:ectoplasm":1,"minecraft:cooked_beef":6,"minecraft:birch_sapling":2,"minecraft:iron_helmet":1,"minecraft:coal":21,"minecraft:iron_chestplate":1,"intensehorror:mothman_eyes":1},"minecraft:broken":{"minecraft:stone_pickaxe":1,"minecraft:wooden_axe":2,"sanitydim:garland":3,"minecraft:wooden_pickaxe":1},"minecraft:crafted":{"minecraft:wooden_shovel":1,"minecraft:crafting_table":5,"minecraft:dark_oak_wood":3,"minecraft:wooden_pickaxe":2,"minecraft:iron_helmet":1,"minecraft:furnace":1,"minecraft:birch_planks":92,"sanitydim:garland":2,"minecraft:pink_dye":2,"minecraft:stone_axe":1,"minecraft:diamond_helmet":1,"minecraft:iron_chestplate":1,"minecraft:iron_boots":1,"minecraft:diamond_pickaxe":1,"minecraft:shield":1,"minecraft:iron_axe":1,"minecraft:iron_pickaxe":1,"minecraft:stick":68,"minecraft:iron_ingot":49,"minecraft:stone_pickaxe":3,"minecraft:wooden_axe":3,"minecraft:iron_leggings":1,"minecraft:dark_oak_planks":20,"minecraft:torch":16,"minecraft:diamond_chestplate":1},"minecraft:custom":{"minecraft:interact_with_furnace":5,"minecraft:mob_kills":29,"minecraft:interact_with_crafting_table":24,"minecraft:interact_with_campfire":16,"minecraft:sleep_in_bed":2,"minecraft:time_since_death":14215,"minecraft:leave_game":6,"minecraft:climb_one_cm":4467,"minecraft:time_since_rest":14764,"minecraft:sprint_one_cm":147271,"minecraft:damage_taken":21774,"minecraft:walk_one_cm":973365,"minecraft:drop":35,"minecraft:damage_dealt":3923,"minecraft:swim_one_cm":72578,"minecraft:fly_one_cm":434095,"minecraft:player_kills":1,"minecraft:open_chest":5,"minecraft:crouch_one_cm":299,"minecraft:play_time":551728,"minecraft:sneak_time":1821,"minecraft:deaths":26,"minecraft:walk_under_water_one_cm":82452,"minecraft:boat_one_cm":41331,"minecraft:jump":2204,"minecraft:interact_with_blast_furnace":10,"minecraft:walk_on_water_one_cm":56395,"minecraft:total_world_time":551728,"minecraft:fall_one_cm":92445},"minecraft:picked_up":{"minecraft:birch_log":30,"minecraft:crafting_table":4,"minecraft:cooked_beef":48,"artifacts:night_vision_goggles":1,"minecraft:cherry_planks":2,"intensehorror:freddys_claw":1,"minecraft:salmon":41,"artifacts:bunny_hoppers":1,"minecraft:birch_planks":2,"minecraft:wither_rose":1,"intensehorror:mothman_eyes":1,"minecraft:flint":2,"minecraft:chain":2,"sanitydim:garland":4,"minecraft:dirt":33,"minecraft:cooked_salmon":15,"minecraft:cooked_mutton":7,"minecraft:wheat_seeds":2,"minecraft:cobbled_deepslate":28,"intensehorror:black_cat":2,"minecraft:beef":1,"intensehorror:wall_flags":2,"intensehorror:double_jack_o_lantern":4,"minecraft:poppy":6,"intensehorror:stacked_jack_o_lantern":1,"minecraft:birch_sapling":10,"minecraft:dark_oak_stairs":2,"minecraft:stick":11,"minecraft:raw_iron":54,"intensehorror:ectoplasm":16,"minecraft:torch":6,"minecraft:dandelion":28,"minecraft:gravel":1,"minecraft:porkchop":9,"minecraft:blast_furnace":1,"minecraft:dark_oak_log":6,"minecraft:cherry_fence_gate":1,"minecraft:arrow":5,"minecraft:rotten_flesh":11,"minecraft:diamond":16,"minecraft:stone_axe":1,"minecraft:peony":18,"intensehorror:ghostface_mask_helmet":1,"minecraft:bread":28,"minecraft:mutton":4,"minecraft:coal":80,"minecraft:white_wool":2,"minecraft:cobblestone":86},"minecraft:mined":{"minecraft:deepslate_diamond_ore":16,"minecraft:dandelion":20,"minecraft:crafting_table":3,"minecraft:blast_furnace":1,"minecraft:grass_block":5,"minecraft:poppy":6,"minecraft:tall_grass":8,"minecraft:deepslate_coal_ore":3,"minecraft:cobblestone":8,"minecraft:spruce_leaves":1,"minecraft:seagrass":2,"minecraft:tall_seagrass":2,"minecraft:iron_ore":38,"treechop:chopped_log":5,"intensehorror:black_cat":1,"minecraft:peony":21,"minecraft:grass":18,"minecraft:coal_ore":65,"minecraft:deepslate_iron_ore":16,"intensehorror:stacked_jack_o_lantern":1,"minecraft:gravel":3,"minecraft:dirt":24,"minecraft:stone":77,"minecraft:deepslate":27},"minecraft:killed_by":{"sanitydim:sneaking_terror":2,"intensehorror:mad_professor":1,"minecraft:player":7,"intensehorror:ghost":1,"intensehorror:butcher":2,"intensehorror:fritz":1,"sanitydim:rotting_stalker":3,"intensehorror:werewolf":1,"intensehorror:mourning_wood":1}},"DataVersion":3465}