{"stats":{"minecraft:killed_by":{"intensehorror:mad_professor":1,"minecraft:player":14,"intensehorror:chucky":1,"intensehorror:fritz":1,"sanitydim:rotting_stalker":5,"intensehorror:freddy_krueger":1,"sanitydim:sneaking_terror":2,"intensehorror:ghost":2,"intensehorror:mothman":1,"the_masked:masked_decay":1,"intensehorror:butcher":2,"intensehorror:deadly_sphere":2,"cave_dweller:cave_dweller":1,"intensehorror:werewolf":1,"intensehorror:mourning_wood":1},"minecraft:used":{"intensehorror:chucky_doll":1,"minecraft:cherry_sapling":1,"intensehorror:freddys_claw":1,"minecraft:iron_shovel":44,"intensehorror:hanging_flags":7,"intensehorror:hanging_pumpkin_lights":9,"minecraft:shield":14,"minecraft:cooked_salmon":10,"minecraft:netherrack":5,"minecraft:torch":17,"minecraft:dirt":72,"intensehorror:apple_candy":3,"intensehorror:wall_flags":2,"minecraft:dark_oak_planks":1,"minecraft:wooden_axe":65,"minecraft:lava_bucket":1,"minecraft:lantern":2,"minecraft:iron_block":23,"minecraft:iron_axe":267,"minecraft:cherry_slab":1,"minecraft:cherry_leaves":46,"minecraft:cherry_fence_gate":1,"minecraft:furnace":1,"intensehorror:brain_in_a_jar":8,"minecraft:cherry_fence":6,"minecraft:cooked_beef":34,"minecraft:cobbled_deepslate":5,"intensehorror:stacked_pumpkin":1,"minecraft:cooked_mutton":7,"minecraft:water_bucket":3,"minecraft:diorite":1,"intensehorror:hanging_reaper":1,"intensehorror:stacked_jack_o_lantern":1,"minecraft:birch_planks":4,"minecraft:stone_pickaxe":261,"minecraft:wooden_pickaxe":53,"minecraft:cherry_planks":14,"artifacts:eternal_steak":13,"minecraft:white_wool":2,"intensehorror:jack_o_scarecrow":3,"minecraft:salmon":11,"minecraft:dark_oak_trapdoor":4,"minecraft:sand":2,"minecraft:crafting_table":9,"minecraft:blast_furnace":1,"intensehorror:death_sickle":13,"minecraft:shears":60,"intensehorror:spider":15,"minecraft:diamond_pickaxe":349,"intensehorror:black_cat":2,"minecraft:bread":28,"minecraft:iron_pickaxe":46,"minecraft:gravel":1,"minecraft:stone_axe":12,"minecraft:pink_petals":106,"quark:dark_oak_chest":1,"minecraft:cobblestone":50,"minecraft:bucket":3,"minecraft:dandelion":4},"minecraft:mined":{"minecraft:deepslate_diamond_ore":16,"minecraft:budding_amethyst":9,"minecraft:grass_block":38,"intensehorror:hanging_pumpkin_lights":5,"minecraft:spruce_leaves":1,"minecraft:tall_seagrass":3,"minecraft:dark_oak_trapdoor":3,"minecraft:iron_ore":73,"intensehorror:black_cat":1,"treechop:chopped_log":10,"minecraft:peony":21,"minecraft:dirt_path":1,"minecraft:deepslate_iron_ore":16,"minecraft:lantern":1,"minecraft:stone":100,"minecraft:iron_block":11,"minecraft:brown_mushroom":10,"minecraft:cherry_planks":2,"minecraft:amethyst_cluster":1,"minecraft:basalt":1,"minecraft:dandelion":42,"minecraft:crafting_table":5,"minecraft:blast_furnace":1,"minecraft:calcite":9,"minecraft:poppy":6,"intensehorror:hanging_flags":5,"minecraft:nether_quartz_ore":65,"endofherobrine:glowing_obsidian":3,"minecraft:tall_grass":10,"minecraft:cobblestone":13,"minecraft:deepslate_coal_ore":3,"minecraft:diorite":4,"minecraft:wall_torch":1,"minecraft:spruce_sign":3,"minecraft:amethyst_block":72,"minecraft:pink_petals":56,"minecraft:seagrass":2,"minecraft:birch_log":1,"intensehorror:spider":7,"minecraft:grass":26,"minecraft:coal_ore":72,"intensehorror:stacked_jack_o_lantern":1,"minecraft:sand":2,"minecraft:cherry_leaves":59,"minecraft:gravel":3,"minecraft:dirt":45,"intensehorror:jack_o_scarecrow":1,"minecraft:netherrack":18,"minecraft:oak_leaves":5,"minecraft:deepslate":27},"minecraft:killed":{"endofherobrine:silverfish":1,"intensehorror:the_possessed":4,"intensehorror:fritz":4,"intensehorror:severed_hand":2,"minecraft:spider":3,"sanitydim:rotting_stalker":3,"sanitydim:sneaking_terror":1,"minecraft:skeleton":3,"intensehorror:freddy_krueger":1,"intensehorror:creature_from_the_deep":1,"the_masked:grey_heart":1,"minecraft:pig":5,"quark:foxhound":2,"minecraft:salmon":37,"intensehorror:vampire":1,"minecraft:creeper":1,"minecraft:sheep":3,"intensehorror:michael_myers":2,"minecraft:zombie":5,"minecraft:ghast":2,"endofherobrine:cow":2,"endofherobrine:sheep":5,"endofherobrine:pigman":1,"apollyon:the_damned":2,"intensehorror:ghost":3},"minecraft:broken":{"minecraft:diamond_helmet":1,"minecraft:iron_boots":2,"intensehorror:ghostface_mask_helmet":1,"minecraft:iron_leggings":1,"sanitydim:garland":5,"minecraft:wooden_pickaxe":1,"minecraft:stone_pickaxe":1,"minecraft:shield":1,"minecraft:iron_axe":1,"minecraft:wooden_axe":2},"minecraft:custom":{"lootr:looted_stat":4,"minecraft:mob_kills":96,"minecraft:interact_with_crafting_table":54,"minecraft:interact_with_campfire":16,"minecraft:leave_game":10,"minecraft:time_since_death":13860,"minecraft:climb_one_cm":23308,"minecraft:sprint_one_cm":420358,"minecraft:walk_one_cm":2034457,"minecraft:damage_blocked_by_shield":6624,"minecraft:drop":96,"minecraft:play_time":1033600,"minecraft:deaths":53,"minecraft:sneak_time":3246,"minecraft:walk_under_water_one_cm":100352,"minecraft:boat_one_cm":41331,"minecraft:jump":4138,"minecraft:interact_with_blast_furnace":11,"minecraft:walk_on_water_one_cm":73747,"minecraft:total_world_time":1033600,"minecraft:interact_with_furnace":7,"minecraft:sleep_in_bed":4,"minecraft:time_since_rest":14222,"minecraft:damage_taken":35940,"minecraft:damage_dealt":10023,"minecraft:minecart_one_cm":294334,"minecraft:swim_one_cm":126364,"minecraft:fly_one_cm":818095,"minecraft:player_kills":6,"minecraft:open_chest":43,"minecraft:crouch_one_cm":411,"minecraft:fall_one_cm":197264},"minecraft:picked_up":{"intensehorror:spider":22,"minecraft:crafting_table":6,"minecraft:iron_chestplate":1,"artifacts:night_vision_goggles":4,"intensehorror:lunar_tablet":1,"minecraft:brown_mushroom":10,"artifacts:bunny_hoppers":2,"minecraft:wither_rose":5,"minecraft:chain":4,"minecraft:amethyst_block":64,"intensehorror:hanging_pumpkins":2,"intensehorror:lemon_candy":3,"minecraft:string":10,"minecraft:dark_oak_trapdoor":4,"minecraft:raw_copper":1,"minecraft:cooked_salmon":20,"intensehorror:jack_o_scarecrow":3,"tacz:ammo":250,"minecraft:diamond_leggings":1,"minecraft:cobbled_deepslate":29,"minecraft:beef":1,"minecraft:calcite":6,"intensehorror:double_jack_o_lantern":4,"minecraft:poppy":6,"minecraft:birch_sapling":10,"intensehorror:brain_in_a_jar":8,"minecraft:egg":1,"minecraft:stick":29,"minecraft:raw_iron":89,"intensehorror:ectoplasm":25,"minecraft:torch":8,"intensehorror:stacked_pumpkin":1,"minecraft:porkchop":12,"minecraft:white_dye":2,"minecraft:stone_button":1,"minecraft:cherry_log":18,"minecraft:diorite":4,"minecraft:redstone":1,"minecraft:dark_oak_planks":26,"minecraft:cherry_fence_gate":1,"minecraft:diamond_chestplate":1,"minecraft:arrow":8,"minecraft:rotten_flesh":47,"minecraft:peony":18,"minecraft:diamond_boots":1,"minecraft:iron_block":21,"intensehorror:chucky_doll":1,"minecraft:mutton":8,"minecraft:white_wool":27,"minecraft:cobblestone":111,"minecraft:birch_log":64,"minecraft:pink_petals":213,"minecraft:basalt":1,"minecraft:cooked_beef":48,"artifacts:eternal_steak":1,"minecraft:cherry_planks":9,"minecraft:glow_ink_sac":3,"minecraft:cherry_leaves":51,"minecraft:salmon":56,"intensehorror:freddys_claw":1,"minecraft:leather":14,"minecraft:birch_planks":2,"intensehorror:hanging_reaper":1,"intensehorror:mothman_eyes":1,"minecraft:flint":2,"minecraft:gunpowder":2,"sanitydim:garland":5,"minecraft:blue_bed":1,"minecraft:dirt":87,"minecraft:lantern":1,"tacz:ammo_box":2,"minecraft:cooked_mutton":11,"minecraft:bone":25,"minecraft:bow":1,"minecraft:wheat_seeds":2,"intensehorror:black_cat":2,"intensehorror:hanging_flags":8,"intensehorror:wall_flags":2,"portablemobs:master_capture_cell":3,"minecraft:diamond_helmet":1,"intensehorror:stacked_jack_o_lantern":1,"minecraft:dark_oak_stairs":2,"intensehorror:apple_candy":5,"minecraft:quartz":64,"minecraft:dandelion":54,"minecraft:gravel":1,"minecraft:lava_bucket":1,"minecraft:sand":2,"minecraft:amethyst_shard":8,"intensehorror:hanging_pumpkin_lights":11,"minecraft:blast_furnace":1,"intensehorror:broken_letter":10,"minecraft:dark_oak_log":6,"tacz:modern_kinetic_gun":2,"intensehorror:orange_candy":1,"minecraft:diamond":16,"minecraft:stone_axe":1,"intensehorror:ghostface_mask_helmet":1,"minecraft:cherry_sapling":9,"minecraft:grass":4,"minecraft:spruce_sign":2,"minecraft:bread":28,"minecraft:black_wool":8,"minecraft:oak_sapling":2,"minecraft:netherrack":18,"minecraft:coal":102},"minecraft:crafted":{"minecraft:cherry_planks":72,"minecraft:iron_nugget":297,"minecraft:cherry_slab":6,"minecraft:dark_oak_wood":3,"minecraft:furnace":1,"minecraft:dark_oak_trapdoor":2,"minecraft:bone_meal":12,"sanitydim:garland":4,"minecraft:pink_dye":44,"minecraft:lantern":1,"quark:dark_oak_chest":2,"minecraft:diamond_helmet":1,"minecraft:iron_boots":2,"minecraft:iron_axe":2,"cosmeticarmoursmod:maid_outfit_pink_leggings":1,"minecraft:stone_pickaxe":3,"cosmeticarmoursmod:cat_tail_white_chestplate":1,"minecraft:dark_oak_planks":20,"cosmeticarmoursmod:maid_outfit_pink_boots":1,"cosmeticarmoursmod:maid_outfit_pink_chestplate":1,"minecraft:cherry_fence":6,"minecraft:wooden_shovel":1,"sophisticatedbackpacks:backpack":2,"minecraft:crafting_table":6,"minecraft:wooden_pickaxe":2,"minecraft:iron_helmet":1,"minecraft:copper_ingot":234,"minecraft:birch_planks":92,"minecraft:stone_axe":1,"minecraft:white_dye":12,"minecraft:white_wool":8,"minecraft:pink_wool":11,"minecraft:iron_chestplate":1,"minecraft:diamond_pickaxe":1,"minecraft:shield":2,"minecraft:stick":68,"minecraft:iron_ingot":147,"minecraft:iron_pickaxe":1,"minecraft:wooden_axe":3,"minecraft:iron_shovel":1,"minecraft:iron_leggings":1,"cosmeticarmoursmod:cat_ears_white_helmet":1,"minecraft:torch":16,"minecraft:shears":1,"minecraft:diamond_chestplate":1},"minecraft:dropped":{"minecraft:spruce_sign":1,"minecraft:brown_mushroom":10,"intensehorror:broken_letter":10,"minecraft:dark_oak_stairs":2,"minecraft:wheat_seeds":2,"minecraft:cooked_beef":6,"minecraft:iron_helmet":1,"minecraft:leather":4,"minecraft:coal":21,"minecraft:iron_block":2,"artifacts:night_vision_goggles":3,"tacz:ammo_box":1,"minecraft:grass":4,"minecraft:stone_button":1,"minecraft:dark_oak_trapdoor":1,"minecraft:cherry_planks":49,"minecraft:cooked_salmon":5,"minecraft:chain":2,"tacz:modern_kinetic_gun":1,"minecraft:wither_rose":2,"minecraft:pink_petals":66,"intensehorror:mothman_eyes":1,"artifacts:bunny_hoppers":1,"minecraft:dandelion":8,"intensehorror:ectoplasm":10,"minecraft:cobbled_deepslate":24,"minecraft:raw_copper":1,"minecraft:birch_sapling":2,"minecraft:rotten_flesh":29,"minecraft:iron_chestplate":1,"sanitydim:garland":2,"minecraft:oak_sapling":1,"minecraft:basalt":1,"minecraft:bow":1,"minecraft:arrow":3,"minecraft:netherrack":13}},"DataVersion":3465}