{"stats":{"minecraft:killed_by":{"intensehorror:mad_professor":1,"minecraft:player":11,"intensehorror:chucky":1,"intensehorror:fritz":1,"sanitydim:rotting_stalker":4,"intensehorror:freddy_krueger":1,"sanitydim:sneaking_terror":2,"intensehorror:ghost":2,"intensehorror:mothman":1,"the_masked:masked_decay":1,"intensehorror:butcher":2,"intensehorror:deadly_sphere":2,"intensehorror:werewolf":1,"intensehorror:mourning_wood":1},"minecraft:used":{"intensehorror:freddys_claw":1,"minecraft:iron_shovel":12,"minecraft:shield":10,"minecraft:cooked_salmon":10,"minecraft:torch":15,"minecraft:dirt":43,"intensehorror:apple_candy":3,"intensehorror:wall_flags":2,"minecraft:dark_oak_planks":1,"minecraft:wooden_axe":65,"minecraft:lava_bucket":1,"minecraft:iron_axe":148,"minecraft:cherry_slab":1,"minecraft:cherry_leaves":31,"minecraft:cherry_fence_gate":1,"minecraft:furnace":1,"minecraft:cooked_beef":34,"minecraft:cobbled_deepslate":5,"minecraft:cooked_mutton":7,"minecraft:water_bucket":3,"intensehorror:hanging_reaper":1,"intensehorror:stacked_jack_o_lantern":1,"minecraft:birch_planks":4,"minecraft:stone_pickaxe":261,"minecraft:wooden_pickaxe":53,"minecraft:cherry_planks":3,"artifacts:eternal_steak":7,"minecraft:salmon":11,"minecraft:dark_oak_trapdoor":4,"minecraft:sand":2,"minecraft:crafting_table":9,"minecraft:blast_furnace":1,"minecraft:shears":60,"minecraft:diamond_pickaxe":184,"intensehorror:black_cat":2,"minecraft:bread":12,"minecraft:iron_pickaxe":46,"minecraft:gravel":1,"minecraft:stone_axe":12,"minecraft:pink_petals":65,"quark:dark_oak_chest":1,"minecraft:cobblestone":47,"minecraft:bucket":3,"minecraft:dandelion":4},"minecraft:mined":{"minecraft:deepslate_diamond_ore":16,"minecraft:budding_amethyst":9,"minecraft:grass_block":21,"minecraft:spruce_leaves":1,"minecraft:tall_seagrass":2,"minecraft:dark_oak_trapdoor":3,"minecraft:iron_ore":55,"intensehorror:black_cat":1,"treechop:chopped_log":5,"minecraft:peony":21,"minecraft:dirt_path":1,"minecraft:deepslate_iron_ore":16,"minecraft:stone":90,"minecraft:amethyst_cluster":1,"minecraft:dandelion":42,"minecraft:crafting_table":4,"minecraft:blast_furnace":1,"minecraft:calcite":9,"minecraft:poppy":6,"endofherobrine:glowing_obsidian":2,"minecraft:tall_grass":9,"minecraft:cobblestone":8,"minecraft:deepslate_coal_ore":3,"minecraft:amethyst_block":72,"minecraft:pink_petals":23,"minecraft:seagrass":2,"minecraft:grass":22,"minecraft:coal_ore":65,"intensehorror:stacked_jack_o_lantern":1,"minecraft:cherry_leaves":58,"minecraft:gravel":3,"minecraft:sand":2,"minecraft:dirt":35,"minecraft:oak_leaves":5,"minecraft:deepslate":27},"minecraft:killed":{"endofherobrine:silverfish":1,"intensehorror:the_possessed":1,"intensehorror:fritz":3,"intensehorror:severed_hand":2,"minecraft:spider":2,"sanitydim:sneaking_terror":1,"minecraft:skeleton":3,"the_masked:grey_heart":1,"minecraft:pig":5,"minecraft:salmon":15,"intensehorror:vampire":1,"minecraft:sheep":2,"intensehorror:michael_myers":1,"minecraft:zombie":3,"endofherobrine:cow":1,"endofherobrine:sheep":4,"endofherobrine:pigman":1,"intensehorror:ghost":1},"minecraft:broken":{"minecraft:iron_boots":1,"intensehorror:ghostface_mask_helmet":1,"minecraft:iron_leggings":1,"sanitydim:garland":5,"minecraft:wooden_pickaxe":1,"minecraft:stone_pickaxe":1,"minecraft:iron_axe":1,"minecraft:wooden_axe":2},"minecraft:custom":{"lootr:looted_stat":1,"minecraft:mob_kills":49,"minecraft:interact_with_crafting_table":34,"minecraft:interact_with_campfire":16,"minecraft:leave_game":9,"minecraft:time_since_death":46468,"minecraft:climb_one_cm":5023,"minecraft:sprint_one_cm":266201,"minecraft:walk_one_cm":1367952,"minecraft:damage_blocked_by_shield":230,"minecraft:drop":52,"minecraft:play_time":769718,"minecraft:deaths":43,"minecraft:sneak_time":2043,"minecraft:walk_under_water_one_cm":84471,"minecraft:boat_one_cm":41331,"minecraft:jump":3133,"minecraft:interact_with_blast_furnace":10,"minecraft:walk_on_water_one_cm":60770,"minecraft:total_world_time":769718,"minecraft:interact_with_furnace":5,"minecraft:sleep_in_bed":2,"minecraft:time_since_rest":47697,"minecraft:damage_taken":30073,"minecraft:damage_dealt":8008,"minecraft:minecart_one_cm":294334,"minecraft:swim_one_cm":78904,"minecraft:fly_one_cm":635831,"minecraft:player_kills":1,"minecraft:open_chest":13,"minecraft:crouch_one_cm":300,"minecraft:fall_one_cm":147604},"minecraft:picked_up":{"minecraft:crafting_table":5,"minecraft:iron_chestplate":1,"artifacts:night_vision_goggles":4,"artifacts:bunny_hoppers":2,"minecraft:wither_rose":1,"minecraft:chain":4,"minecraft:amethyst_block":64,"intensehorror:lemon_candy":3,"minecraft:string":2,"minecraft:dark_oak_trapdoor":3,"minecraft:cooked_salmon":15,"minecraft:cobbled_deepslate":28,"minecraft:beef":1,"minecraft:calcite":6,"intensehorror:double_jack_o_lantern":4,"minecraft:poppy":6,"minecraft:birch_sapling":10,"minecraft:stick":12,"minecraft:raw_iron":71,"intensehorror:ectoplasm":16,"minecraft:torch":6,"minecraft:porkchop":12,"minecraft:redstone":1,"minecraft:dark_oak_planks":26,"minecraft:cherry_fence_gate":1,"minecraft:arrow":8,"minecraft:rotten_flesh":18,"minecraft:peony":18,"minecraft:mutton":5,"minecraft:white_wool":2,"minecraft:cobblestone":96,"minecraft:birch_log":30,"minecraft:pink_petals":130,"minecraft:cooked_beef":48,"minecraft:cherry_planks":7,"artifacts:eternal_steak":1,"minecraft:cherry_leaves":51,"minecraft:salmon":41,"intensehorror:freddys_claw":1,"minecraft:leather":4,"minecraft:birch_planks":2,"intensehorror:hanging_reaper":1,"intensehorror:mothman_eyes":1,"minecraft:flint":2,"sanitydim:garland":5,"minecraft:dirt":62,"minecraft:cooked_mutton":11,"minecraft:bow":1,"minecraft:wheat_seeds":2,"intensehorror:black_cat":2,"intensehorror:wall_flags":2,"intensehorror:stacked_jack_o_lantern":1,"minecraft:dark_oak_stairs":2,"intensehorror:apple_candy":5,"minecraft:dandelion":54,"minecraft:gravel":1,"minecraft:lava_bucket":1,"minecraft:sand":2,"minecraft:amethyst_shard":8,"minecraft:blast_furnace":1,"minecraft:dark_oak_log":6,"intensehorror:orange_candy":1,"minecraft:diamond":16,"minecraft:stone_axe":1,"intensehorror:ghostface_mask_helmet":1,"minecraft:grass":2,"minecraft:bread":28,"minecraft:oak_sapling":2,"minecraft:coal":98},"minecraft:crafted":{"minecraft:cherry_slab":6,"minecraft:dark_oak_wood":3,"minecraft:furnace":1,"minecraft:dark_oak_trapdoor":2,"sanitydim:garland":4,"minecraft:pink_dye":2,"quark:dark_oak_chest":1,"minecraft:diamond_helmet":1,"minecraft:iron_boots":2,"minecraft:iron_axe":1,"minecraft:stone_pickaxe":3,"minecraft:dark_oak_planks":20,"minecraft:wooden_shovel":1,"minecraft:crafting_table":6,"minecraft:wooden_pickaxe":2,"minecraft:iron_helmet":1,"minecraft:birch_planks":92,"minecraft:stone_axe":1,"minecraft:iron_chestplate":1,"minecraft:diamond_pickaxe":1,"minecraft:shield":1,"minecraft:stick":68,"minecraft:iron_pickaxe":1,"minecraft:iron_ingot":49,"minecraft:wooden_axe":3,"minecraft:iron_shovel":1,"minecraft:iron_leggings":1,"minecraft:torch":16,"minecraft:shears":1,"minecraft:diamond_chestplate":1},"minecraft:dropped":{"minecraft:dark_oak_stairs":2,"minecraft:wheat_seeds":2,"minecraft:cooked_beef":6,"minecraft:iron_helmet":1,"minecraft:coal":21,"artifacts:night_vision_goggles":3,"minecraft:grass":2,"minecraft:chain":2,"minecraft:pink_petals":66,"intensehorror:mothman_eyes":1,"artifacts:bunny_hoppers":1,"minecraft:dandelion":4,"intensehorror:ectoplasm":1,"minecraft:birch_sapling":2,"minecraft:iron_chestplate":1,"sanitydim:garland":2,"minecraft:oak_sapling":1,"minecraft:arrow":3,"minecraft:bow":1}},"DataVersion":3465}