{
  "cosmeticarmoursmod:grant_book_on_first_join": {
    "criteria": {
      "tick": "2025-10-14 01:11:36 +0000"
    },
    "done": true
  },
  "cosmeticarmoursmod:cosmetic_armours_achievement": {
    "criteria": {
      "cosmetic_armours_achievement_0": "2025-10-14 01:11:36 +0000"
    },
    "done": true
  },
  "lootr:root": {
    "criteria": {
      "always_true": "2025-10-14 01:11:36 +0000"
    },
    "done": true
  },
  "minecraft:adventure/adventuring_time": {
    "criteria": {
      "minecraft:deep_ocean": "2025-10-14 01:14:14 +0000",
      "minecraft:beach": "2025-10-14 01:42:40 +0000",
      "minecraft:dark_forest": "2025-10-23 02:30:09 +0000",
      "minecraft:river": "2025-10-23 02:00:57 +0000",
      "minecraft:stony_shore": "2025-10-14 03:03:46 +0000",
      "minecraft:grove": "2025-10-23 02:30:56 +0000",
      "minecraft:forest": "2025-10-23 01:58:29 +0000",
      "minecraft:lush_caves": "2025-10-14 02:24:43 +0000",
      "minecraft:ocean": "2025-10-14 01:13:00 +0000",
      "minecraft:old_growth_birch_forest": "2025-10-14 01:11:37 +0000",
      "minecraft:plains": "2025-10-23 01:55:53 +0000"
    },
    "done": false
  },
  "apollyon:apollyon": {
    "criteria": {
      "apollyon": "2025-10-14 01:16:51 +0000"
    },
    "done": true
  },
  "endofherobrine:story/root": {
    "criteria": {
      "requirement": "2025-10-14 01:23:49 +0000"
    },
    "done": true
  },
  "minecraft:story/mine_stone": {
    "criteria": {
      "get_stone": "2025-10-14 01:24:58 +0000"
    },
    "done": true
  },
  "minecraft:story/upgrade_tools": {
    "criteria": {
      "stone_pickaxe": "2025-10-14 01:25:34 +0000"
    },
    "done": true
  },
  "minecraft:story/root": {
    "criteria": {
      "crafting_table": "2025-10-14 01:45:28 +0000"
    },
    "done": true
  },
  "minecraft:husbandry/balanced_diet": {
    "criteria": {
      "cooked_porkchop": "2025-10-14 01:48:20 +0000",
      "cooked_mutton": "2025-10-14 01:48:52 +0000",
      "cooked_beef": "2025-10-14 02:50:02 +0000",
      "baked_potato": "2025-10-14 03:18:43 +0000",
      "cooked_chicken": "2025-10-14 02:23:38 +0000"
    },
    "done": false
  },
  "minecraft:husbandry/root": {
    "criteria": {
      "consumed_item": "2025-10-14 01:48:20 +0000"
    },
    "done": true
  },
  "minecraft:adventure/root": {
    "criteria": {
      "killed_by_something": "2025-10-14 02:05:44 +0000"
    },
    "done": true
  },
  "minecraft:story/smelt_iron": {
    "criteria": {
      "iron": "2025-10-14 02:23:16 +0000"
    },
    "done": true
  },
  "endofherobrine:story/exorcist": {
    "criteria": {
      "endofherobrine:cow": "2025-10-23 03:47:32 +0000",
      "endofherobrine:pigman": "2025-10-14 02:48:37 +0000"
    },
    "done": false
  },
  "intensehorror:the_horror_has_arrived": {
    "criteria": {
      "the_horror_has_arrived": "2025-10-14 02:50:51 +0000"
    },
    "done": true
  },
  "intensehorror:chainsaw_massacre": {
    "criteria": {
      "chainsaw_massacre": "2025-10-14 02:55:46 +0000"
    },
    "done": true
  },
  "minecraft:adventure/kill_a_mob": {
    "criteria": {
      "minecraft:blaze": "2025-10-14 02:55:46 +0000",
      "minecraft:pillager": "2025-10-14 02:55:46 +0000",
      "minecraft:skeleton": "2025-10-14 02:55:46 +0000",
      "minecraft:elder_guardian": "2025-10-14 02:55:46 +0000",
      "minecraft:zoglin": "2025-10-14 02:55:46 +0000",
      "minecraft:ravager": "2025-10-14 02:55:46 +0000",
      "minecraft:ghast": "2025-10-14 02:55:46 +0000",
      "minecraft:hoglin": "2025-10-14 02:55:46 +0000",
      "minecraft:guardian": "2025-10-14 02:55:46 +0000",
      "minecraft:vindicator": "2025-10-14 02:55:46 +0000",
      "minecraft:magma_cube": "2025-10-14 02:55:46 +0000",
      "minecraft:piglin_brute": "2025-10-14 02:55:46 +0000",
      "minecraft:spider": "2025-10-14 02:55:46 +0000",
      "minecraft:creeper": "2025-10-14 02:55:46 +0000",
      "minecraft:wither": "2025-10-14 02:55:46 +0000",
      "minecraft:evoker": "2025-10-14 02:55:46 +0000",
      "minecraft:slime": "2025-10-14 02:55:46 +0000",
      "quark:forgotten": "2025-10-14 02:55:46 +0000",
      "minecraft:phantom": "2025-10-14 02:55:46 +0000",
      "minecraft:zombified_piglin": "2025-10-14 02:55:46 +0000",
      "minecraft:witch": "2025-10-14 02:55:46 +0000",
      "minecraft:wither_skeleton": "2025-10-14 02:55:46 +0000",
      "minecraft:husk": "2025-10-14 02:55:46 +0000",
      "minecraft:ender_dragon": "2025-10-14 02:55:46 +0000",
      "minecraft:shulker": "2025-10-14 02:55:46 +0000",
      "minecraft:cave_spider": "2025-10-14 02:55:46 +0000",
      "quark:wraith": "2025-10-14 02:55:46 +0000",
      "minecraft:piglin": "2025-10-14 02:55:46 +0000",
      "minecraft:enderman": "2025-10-14 02:55:46 +0000",
      "minecraft:silverfish": "2025-10-14 02:55:46 +0000",
      "minecraft:stray": "2025-10-14 02:55:46 +0000",
      "minecraft:endermite": "2025-10-14 02:55:46 +0000",
      "minecraft:vex": "2025-10-14 02:55:46 +0000",
      "minecraft:zombie": "2025-10-14 02:55:46 +0000",
      "quark:foxhound": "2025-10-14 02:55:46 +0000",
      "minecraft:drowned": "2025-10-14 02:55:46 +0000",
      "minecraft:zombie_villager": "2025-10-14 02:55:46 +0000"
    },
    "done": true
  },
  "minecraft:adventure/kill_all_mobs": {
    "criteria": {
      "minecraft:skeleton": "2025-10-14 02:57:37 +0000"
    },
    "done": false
  },
  "intensehorror:end_of_the_death": {
    "criteria": {
      "end_of_the_death": "2025-10-14 02:58:14 +0000"
    },
    "done": true
  },
  "intensehorror:sweet_victory": {
    "criteria": {
      "sweet_victory": "2025-10-14 02:58:16 +0000"
    },
    "done": true
  },
  "intensehorror:survived_the_nightmare": {
    "criteria": {
      "survived_the_nightmare": "2025-10-14 02:58:50 +0000"
    },
    "done": true
  },
  "minecraft:story/obtain_armor": {
    "criteria": {
      "iron_chestplate": "2025-10-14 03:01:52 +0000"
    },
    "done": true
  },
  "apollyon:back_to_hell": {
    "criteria": {
      "back_to_hell": "2025-10-14 03:29:04 +0000"
    },
    "done": true
  },
  "artifacts:amateur_archaeologist": {
    "criteria": {
      "find_artifact": "2025-10-23 01:57:06 +0000"
    },
    "done": true
  },
  "the_knocker:cant_sleep": {
    "criteria": {
      "cant_sleep_0": "2025-10-23 01:57:20 +0000"
    },
    "done": true
  },
  "minecraft:adventure/sleep_in_bed": {
    "criteria": {
      "slept_in_bed": "2025-10-23 01:57:31 +0000"
    },
    "done": true
  },
  "lootr:1chest": {
    "criteria": {
      "opened_chest": "2025-10-23 01:58:21 +0000"
    },
    "done": true
  },
  "lootr:social": {
    "criteria": {
      "opened_chest": "2025-10-23 01:58:21 +0000"
    },
    "done": false
  },
  "minecraft:story/form_obsidian": {
    "criteria": {
      "obsidian": "2025-10-23 01:58:50 +0000"
    },
    "done": true
  },
  "minecraft:husbandry/tame_an_animal": {
    "criteria": {
      "tamed_animal": "2025-10-23 02:02:08 +0000"
    },
    "done": true
  },
  "minecraft:story/mine_diamond": {
    "criteria": {
      "diamond": "2025-10-23 02:02:55 +0000"
    },
    "done": true
  },
  "minecraft:story/iron_tools": {
    "criteria": {
      "iron_pickaxe": "2025-10-23 03:11:11 +0000"
    },
    "done": true
  },
  "intensehorror:friday_the_13th": {
    "criteria": {
      "friday_the_13th": "2025-10-23 03:57:12 +0000"
    },
    "done": true
  },
  "intensehorror:ghostbusters": {
    "criteria": {
      "ghostbusters": "2025-10-23 04:02:27 +0000"
    },
    "done": true
  },
  "intensehorror:demon_slayer": {
    "criteria": {
      "demon_slayer": "2025-10-23 04:03:58 +0000"
    },
    "done": true
  },
  "intensehorror:no_more_experiments": {
    "criteria": {
      "no_more_experiments": "2025-10-23 04:04:02 +0000"
    },
    "done": true
  },
  "DataVersion": 3465
}