{
  "cosmeticarmoursmod:grant_book_on_first_join": {
    "criteria": {
      "tick": "2025-10-23 02:33:42 +0000"
    },
    "done": true
  },
  "cosmeticarmoursmod:cosmetic_armours_achievement": {
    "criteria": {
      "cosmetic_armours_achievement_0": "2025-10-23 02:33:42 +0000"
    },
    "done": true
  },
  "lootr:root": {
    "criteria": {
      "always_true": "2025-10-23 02:33:42 +0000"
    },
    "done": true
  },
  "minecraft:adventure/adventuring_time": {
    "criteria": {
      "quark:glimmering_weald": "2025-10-24 01:20:01 +0000",
      "minecraft:birch_forest": "2025-10-29 00:43:30 +0000",
      "minecraft:river": "2025-10-23 03:48:18 +0000",
      "minecraft:dripstone_caves": "2025-10-24 01:06:08 +0000",
      "minecraft:forest": "2025-10-23 04:06:39 +0000",
      "minecraft:old_growth_birch_forest": "2025-10-23 02:33:43 +0000",
      "minecraft:plains": "2025-10-23 02:35:39 +0000"
    },
    "done": false
  },
  "apollyon:apollyon": {
    "criteria": {
      "apollyon": "2025-10-23 02:33:57 +0000"
    },
    "done": true
  },
  "minecraft:adventure/root": {
    "criteria": {
      "killed_by_something": "2025-10-23 02:34:03 +0000"
    },
    "done": true
  },
  "endofherobrine:story/root": {
    "criteria": {
      "requirement": "2025-10-23 02:52:03 +0000"
    },
    "done": true
  },
  "minecraft:story/mine_stone": {
    "criteria": {
      "get_stone": "2025-10-23 02:52:03 +0000"
    },
    "done": true
  },
  "minecraft:story/iron_tools": {
    "criteria": {
      "iron_pickaxe": "2025-10-23 03:23:26 +0000"
    },
    "done": true
  },
  "minecraft:husbandry/balanced_diet": {
    "criteria": {
      "cooked_porkchop": "2025-10-23 04:30:31 +0000",
      "cooked_beef": "2025-10-23 03:41:14 +0000",
      "baked_potato": "2025-10-29 01:01:50 +0000",
      "bread": "2025-10-23 04:19:52 +0000"
    },
    "done": false
  },
  "minecraft:husbandry/root": {
    "criteria": {
      "consumed_item": "2025-10-23 03:41:14 +0000"
    },
    "done": true
  },
  "minecraft:adventure/sleep_in_bed": {
    "criteria": {
      "slept_in_bed": "2025-10-23 03:42:06 +0000"
    },
    "done": true
  },
  "minecraft:story/obtain_armor": {
    "criteria": {
      "iron_chestplate": "2025-10-23 03:44:08 +0000"
    },
    "done": true
  },
  "intensehorror:the_horror_has_arrived": {
    "criteria": {
      "the_horror_has_arrived": "2025-10-23 03:52:16 +0000"
    },
    "done": true
  },
  "intensehorror:survived_the_nightmare": {
    "criteria": {
      "survived_the_nightmare": "2025-10-23 04:02:15 +0000"
    },
    "done": true
  },
  "graveyard:graveyard/root": {
    "criteria": {
      "grave_01": "2025-10-23 04:08:21 +0000"
    },
    "done": true
  },
  "lootr:1chest": {
    "criteria": {
      "opened_chest": "2025-10-23 04:08:22 +0000"
    },
    "done": true
  },
  "lootr:social": {
    "criteria": {
      "opened_barrel": "2025-10-24 01:08:27 +0000",
      "opened_chest": "2025-10-23 04:08:22 +0000"
    },
    "done": false
  },
  "minecraft:adventure/kill_all_mobs": {
    "criteria": {
      "minecraft:skeleton": "2025-10-23 04:29:14 +0000",
      "minecraft:spider": "2025-10-24 01:17:08 +0000",
      "minecraft:creeper": "2025-10-23 04:31:29 +0000",
      "quark:forgotten": "2025-10-24 03:21:17 +0000",
      "minecraft:cave_spider": "2025-10-24 01:12:26 +0000",
      "minecraft:zombie": "2025-10-23 04:14:30 +0000"
    },
    "done": false
  },
  "minecraft:adventure/kill_a_mob": {
    "criteria": {
      "minecraft:zombie": "2025-10-23 04:14:30 +0000"
    },
    "done": true
  },
  "minecraft:story/smelt_iron": {
    "criteria": {
      "iron": "2025-10-23 04:23:11 +0000"
    },
    "done": true
  },
  "minecraft:story/root": {
    "criteria": {
      "crafting_table": "2025-10-23 04:26:32 +0000"
    },
    "done": true
  },
  "lootr:1barrel": {
    "criteria": {
      "opened_barrel": "2025-10-24 01:08:27 +0000"
    },
    "done": true
  },
  "quark:mine_toretoise": {
    "criteria": {
      "mine_toretoise": "2025-10-24 01:18:27 +0000"
    },
    "done": true
  },
  "portablemobs:basiccelladvancement": {
    "criteria": {
      "basiccell": "2025-10-24 01:26:58 +0000"
    },
    "done": true
  },
  "minecraft:story/mine_diamond": {
    "criteria": {
      "diamond": "2025-10-24 03:20:36 +0000"
    },
    "done": true
  },
  "quark:get_forgotten_hat": {
    "criteria": {
      "get_forgotten_hat": "2025-10-24 03:21:18 +0000"
    },
    "done": true
  },
  "artifacts:amateur_archaeologist": {
    "criteria": {
      "find_artifact": "2025-10-24 03:41:55 +0000"
    },
    "done": true
  },
  "artifacts:chest_slayer": {
    "criteria": {
      "kill_mimic": "2025-10-29 01:25:28 +0000"
    },
    "done": true
  },
  "knize1007:hostilemobs": {
    "criteria": {
      "tick": "2025-10-29 00:21:56 +0000"
    },
    "done": true
  },
  "knize1007:root": {
    "criteria": {
      "tick": "2025-10-29 00:21:56 +0000"
    },
    "done": true
  },
  "lootr:10loot": {
    "criteria": {
      "loot_stat": "2025-10-29 01:30:43 +0000"
    },
    "done": true
  },
  "the_knocker:cant_sleep": {
    "criteria": {
      "cant_sleep_0": "2025-10-29 00:51:44 +0000"
    },
    "done": true
  },
  "DataVersion": 3465
}