{
  "cosmeticarmoursmod:grant_book_on_first_join": {
    "criteria": {
      "tick": "2025-10-14 01:58:14 +0000"
    },
    "done": true
  },
  "cosmeticarmoursmod:cosmetic_armours_achievement": {
    "criteria": {
      "cosmetic_armours_achievement_0": "2025-10-14 01:58:14 +0000"
    },
    "done": true
  },
  "lootr:root": {
    "criteria": {
      "always_true": "2025-10-14 01:58:14 +0000"
    },
    "done": true
  },
  "minecraft:adventure/adventuring_time": {
    "criteria": {
      "minecraft:deep_ocean": "2025-10-17 03:53:50 +0000",
      "minecraft:birch_forest": "2025-10-17 03:55:17 +0000",
      "minecraft:beach": "2025-10-14 02:03:37 +0000",
      "minecraft:stony_shore": "2025-10-14 02:47:50 +0000",
      "minecraft:forest": "2025-10-17 03:56:25 +0000",
      "minecraft:ocean": "2025-10-14 02:08:51 +0000",
      "minecraft:old_growth_birch_forest": "2025-10-14 01:58:15 +0000",
      "minecraft:plains": "2025-10-17 03:57:10 +0000"
    },
    "done": false
  },
  "endofherobrine:story/root": {
    "criteria": {
      "requirement": "2025-10-14 02:02:17 +0000"
    },
    "done": true
  },
  "minecraft:adventure/root": {
    "criteria": {
      "killed_by_something": "2025-10-14 02:04:55 +0000"
    },
    "done": true
  },
  "minecraft:story/root": {
    "criteria": {
      "crafting_table": "2025-10-14 02:11:01 +0000"
    },
    "done": true
  },
  "apollyon:apollyon": {
    "criteria": {
      "apollyon": "2025-10-14 02:12:20 +0000"
    },
    "done": true
  },
  "minecraft:story/mine_stone": {
    "criteria": {
      "get_stone": "2025-10-14 02:13:21 +0000"
    },
    "done": true
  },
  "minecraft:husbandry/balanced_diet": {
    "criteria": {
      "cooked_beef": "2025-10-14 02:29:08 +0000",
      "bread": "2025-10-17 04:03:34 +0000",
      "rotten_flesh": "2025-10-14 02:16:31 +0000",
      "cooked_chicken": "2025-10-14 03:20:58 +0000",
      "cooked_salmon": "2025-10-17 04:15:15 +0000"
    },
    "done": false
  },
  "minecraft:husbandry/root": {
    "criteria": {
      "consumed_item": "2025-10-14 02:16:31 +0000"
    },
    "done": true
  },
  "minecraft:story/upgrade_tools": {
    "criteria": {
      "stone_pickaxe": "2025-10-14 02:21:47 +0000"
    },
    "done": true
  },
  "minecraft:adventure/kill_all_mobs": {
    "criteria": {
      "minecraft:skeleton": "2025-10-17 04:06:03 +0000",
      "minecraft:creeper": "2025-10-17 04:40:57 +0000",
      "minecraft:zombie": "2025-10-14 02:40:13 +0000"
    },
    "done": false
  },
  "minecraft:adventure/kill_a_mob": {
    "criteria": {
      "minecraft:zombie": "2025-10-14 02:40:13 +0000"
    },
    "done": true
  },
  "intensehorror:the_horror_has_arrived": {
    "criteria": {
      "the_horror_has_arrived": "2025-10-14 02:50:51 +0000"
    },
    "done": true
  },
  "intensehorror:survived_the_nightmare": {
    "criteria": {
      "survived_the_nightmare": "2025-10-14 02:58:50 +0000"
    },
    "done": true
  },
  "the_knocker:cant_sleep": {
    "criteria": {
      "cant_sleep_0": "2025-10-17 03:58:09 +0000"
    },
    "done": true
  },
  "minecraft:adventure/sleep_in_bed": {
    "criteria": {
      "slept_in_bed": "2025-10-17 04:02:37 +0000"
    },
    "done": true
  },
  "lootr:social": {
    "criteria": {
      "opened_barrel": "2025-10-17 04:11:54 +0000",
      "opened_chest": "2025-10-17 04:29:12 +0000"
    },
    "done": false
  },
  "lootr:1barrel": {
    "criteria": {
      "opened_barrel": "2025-10-17 04:11:54 +0000"
    },
    "done": true
  },
  "artifacts:amateur_archaeologist": {
    "criteria": {
      "find_artifact": "2025-10-17 04:13:39 +0000"
    },
    "done": true
  },
  "minecraft:story/smelt_iron": {
    "criteria": {
      "iron": "2025-10-17 04:13:46 +0000"
    },
    "done": true
  },
  "lootr:1chest": {
    "criteria": {
      "opened_chest": "2025-10-17 04:29:12 +0000"
    },
    "done": true
  },
  "lootr:10loot": {
    "criteria": {
      "loot_stat": "2025-10-17 04:30:59 +0000"
    },
    "done": true
  },
  "minecraft:story/obtain_armor": {
    "criteria": {
      "iron_chestplate": "2025-10-17 04:31:01 +0000"
    },
    "done": true
  },
  "endofherobrine:story/exorcist": {
    "criteria": {
      "endofherobrine:cow": "2025-10-17 04:37:03 +0000"
    },
    "done": false
  },
  "intensehorror:sweet_victory": {
    "criteria": {
      "sweet_victory": "2025-10-17 04:44:53 +0000"
    },
    "done": true
  },
  "intensehorror:toxic_mixture": {
    "criteria": {
      "toxic_mixture": "2025-10-17 04:44:54 +0000"
    },
    "done": true
  },
  "DataVersion": 3465
}