{
  "cosmeticarmoursmod:grant_book_on_first_join": {
    "criteria": {
      "tick": "2025-10-17 06:04:04 +0000"
    },
    "done": true
  },
  "cosmeticarmoursmod:cosmetic_armours_achievement": {
    "criteria": {
      "cosmetic_armours_achievement_0": "2025-10-17 06:04:04 +0000"
    },
    "done": true
  },
  "lootr:root": {
    "criteria": {
      "always_true": "2025-10-17 06:04:04 +0000"
    },
    "done": true
  },
  "minecraft:adventure/adventuring_time": {
    "criteria": {
      "minecraft:beach": "2025-10-17 06:04:41 +0000",
      "minecraft:river": "2025-10-23 03:22:17 +0000",
      "minecraft:forest": "2025-10-17 06:13:14 +0000",
      "minecraft:old_growth_birch_forest": "2025-10-17 06:04:05 +0000",
      "minecraft:plains": "2025-10-17 06:12:31 +0000"
    },
    "done": false
  },
  "endofherobrine:story/root": {
    "criteria": {
      "requirement": "2025-10-17 06:05:52 +0000"
    },
    "done": true
  },
  "minecraft:story/root": {
    "criteria": {
      "crafting_table": "2025-10-17 06:06:11 +0000"
    },
    "done": true
  },
  "minecraft:adventure/sleep_in_bed": {
    "criteria": {
      "slept_in_bed": "2025-10-17 06:14:38 +0000"
    },
    "done": true
  },
  "minecraft:story/obtain_armor": {
    "criteria": {
      "iron_helmet": "2025-10-17 06:18:00 +0000"
    },
    "done": true
  },
  "minecraft:adventure/root": {
    "criteria": {
      "killed_something": "2025-10-17 06:19:11 +0000"
    },
    "done": true
  },
  "minecraft:adventure/kill_all_mobs": {
    "criteria": {
      "minecraft:pillager": "2025-10-17 06:19:45 +0000",
      "minecraft:skeleton": "2025-10-24 06:24:39 +0000",
      "minecraft:spider": "2025-10-23 03:17:33 +0000",
      "minecraft:creeper": "2025-10-27 05:02:27 +0000",
      "minecraft:zombie": "2025-10-17 06:19:11 +0000"
    },
    "done": false
  },
  "minecraft:adventure/kill_a_mob": {
    "criteria": {
      "minecraft:zombie": "2025-10-17 06:19:11 +0000"
    },
    "done": true
  },
  "minecraft:husbandry/balanced_diet": {
    "criteria": {
      "apple": "2025-10-23 05:46:18 +0000",
      "potato": "2025-10-23 02:06:29 +0000",
      "rotten_flesh": "2025-10-23 02:55:10 +0000"
    },
    "done": false
  },
  "minecraft:husbandry/root": {
    "criteria": {
      "consumed_item": "2025-10-23 02:06:29 +0000"
    },
    "done": true
  },
  "apollyon:apollyon": {
    "criteria": {
      "apollyon": "2025-10-23 02:10:36 +0000"
    },
    "done": true
  },
  "intensehorror:survived_the_nightmare": {
    "criteria": {
      "survived_the_nightmare": "2025-10-23 02:18:44 +0000"
    },
    "done": true
  },
  "minecraft:story/mine_stone": {
    "criteria": {
      "get_stone": "2025-10-23 02:23:56 +0000"
    },
    "done": true
  },
  "intensehorror:the_horror_has_arrived": {
    "criteria": {
      "the_horror_has_arrived": "2025-10-23 02:30:22 +0000"
    },
    "done": true
  },
  "the_knocker:cant_sleep": {
    "criteria": {
      "cant_sleep_0": "2025-10-23 03:00:01 +0000"
    },
    "done": true
  },
  "minecraft:story/upgrade_tools": {
    "criteria": {
      "stone_pickaxe": "2025-10-23 03:07:18 +0000"
    },
    "done": true
  },
  "apollyon:condemned_to_die": {
    "criteria": {
      "condemned_to_die": "2025-10-23 03:16:23 +0000"
    },
    "done": true
  },
  "minecraft:husbandry/plant_seed": {
    "criteria": {
      "wheat": "2025-10-23 04:15:46 +0000"
    },
    "done": true
  },
  "artifacts:amateur_archaeologist": {
    "criteria": {
      "find_artifact": "2025-10-24 04:27:30 +0000"
    },
    "done": true
  },
  "intensehorror:the_harbinger_of_catastrophe": {
    "criteria": {
      "the_harbinger_of_catastrophe": "2025-10-24 04:48:43 +0000"
    },
    "done": true
  },
  "intensehorror:no_more_headache": {
    "criteria": {
      "no_more_headache": "2025-10-24 06:03:18 +0000"
    },
    "done": true
  },
  "knize1007:hostilemobs": {
    "criteria": {
      "tick": "2025-10-27 04:48:26 +0000"
    },
    "done": true
  },
  "knize1007:root": {
    "criteria": {
      "tick": "2025-10-27 04:48:26 +0000"
    },
    "done": true
  },
  "DataVersion": 3465
}