{
  "cosmeticarmoursmod:grant_book_on_first_join": {
    "criteria": {
      "tick": "2025-10-14 01:54:44 +0000"
    },
    "done": true
  },
  "cosmeticarmoursmod:cosmetic_armours_achievement": {
    "criteria": {
      "cosmetic_armours_achievement_0": "2025-10-14 01:54:44 +0000"
    },
    "done": true
  },
  "lootr:root": {
    "criteria": {
      "always_true": "2025-10-14 01:54:44 +0000"
    },
    "done": true
  },
  "minecraft:adventure/adventuring_time": {
    "criteria": {
      "minecraft:deep_ocean": "2025-10-17 05:07:29 +0000",
      "minecraft:cherry_grove": "2025-10-23 03:14:23 +0000",
      "minecraft:birch_forest": "2025-10-14 03:52:07 +0000",
      "minecraft:beach": "2025-10-14 02:03:38 +0000",
      "minecraft:river": "2025-10-17 05:45:02 +0000",
      "minecraft:stony_shore": "2025-10-14 02:44:21 +0000",
      "minecraft:dripstone_caves": "2025-10-17 05:47:24 +0000",
      "minecraft:forest": "2025-10-14 04:15:34 +0000",
      "minecraft:ocean": "2025-10-14 02:24:35 +0000",
      "minecraft:old_growth_birch_forest": "2025-10-14 01:54:45 +0000",
      "minecraft:savanna": "2025-10-17 06:01:13 +0000",
      "minecraft:plains": "2025-10-14 04:19:32 +0000"
    },
    "done": false
  },
  "apollyon:apollyon": {
    "criteria": {
      "apollyon": "2025-10-14 01:54:54 +0000"
    },
    "done": true
  },
  "endofherobrine:story/root": {
    "criteria": {
      "requirement": "2025-10-14 02:02:45 +0000"
    },
    "done": true
  },
  "minecraft:story/root": {
    "criteria": {
      "crafting_table": "2025-10-14 02:03:04 +0000"
    },
    "done": true
  },
  "minecraft:adventure/root": {
    "criteria": {
      "killed_something": "2025-10-14 02:06:12 +0000"
    },
    "done": true
  },
  "minecraft:adventure/kill_all_mobs": {
    "criteria": {
      "minecraft:skeleton": "2025-10-14 04:07:39 +0000",
      "minecraft:spider": "2025-10-17 04:03:05 +0000",
      "minecraft:creeper": "2025-10-17 04:28:32 +0000",
      "minecraft:phantom": "2025-10-23 07:39:55 +0000",
      "minecraft:witch": "2025-10-23 05:26:51 +0000",
      "minecraft:zombie": "2025-10-14 02:12:38 +0000"
    },
    "done": false
  },
  "minecraft:adventure/kill_a_mob": {
    "criteria": {
      "minecraft:zombie": "2025-10-14 02:12:38 +0000"
    },
    "done": true
  },
  "minecraft:husbandry/balanced_diet": {
    "criteria": {
      "cooked_porkchop": "2025-10-14 04:09:29 +0000",
      "cooked_mutton": "2025-10-14 02:13:21 +0000",
      "cooked_beef": "2025-10-14 02:29:29 +0000",
      "baked_potato": "2025-10-14 03:13:58 +0000",
      "beef": "2025-10-17 05:58:57 +0000",
      "bread": "2025-10-17 03:43:27 +0000",
      "rotten_flesh": "2025-10-14 02:29:01 +0000",
      "suspicious_stew": "2025-10-14 03:03:37 +0000",
      "cooked_salmon": "2025-10-24 01:39:12 +0000",
      "carrot": "2025-10-14 03:28:03 +0000"
    },
    "done": false
  },
  "minecraft:husbandry/root": {
    "criteria": {
      "consumed_item": "2025-10-14 02:13:21 +0000"
    },
    "done": true
  },
  "minecraft:story/mine_stone": {
    "criteria": {
      "get_stone": "2025-10-14 02:13:40 +0000"
    },
    "done": true
  },
  "minecraft:story/upgrade_tools": {
    "criteria": {
      "stone_pickaxe": "2025-10-14 02:24:39 +0000"
    },
    "done": true
  },
  "intensehorror:the_horror_has_arrived": {
    "criteria": {
      "the_horror_has_arrived": "2025-10-14 02:50:51 +0000"
    },
    "done": true
  },
  "intensehorror:survived_the_nightmare": {
    "criteria": {
      "survived_the_nightmare": "2025-10-14 02:58:50 +0000"
    },
    "done": true
  },
  "minecraft:story/smelt_iron": {
    "criteria": {
      "iron": "2025-10-14 03:13:03 +0000"
    },
    "done": true
  },
  "minecraft:story/obtain_armor": {
    "criteria": {
      "iron_chestplate": "2025-10-14 04:04:48 +0000"
    },
    "done": true
  },
  "endofherobrine:story/exorcist": {
    "criteria": {
      "endofherobrine:silverfish": "2025-10-23 03:21:47 +0000",
      "endofherobrine:pig": "2025-10-17 04:26:35 +0000",
      "endofherobrine:sheep": "2025-10-14 04:10:37 +0000",
      "endofherobrine:cow": "2025-10-17 04:32:46 +0000"
    },
    "done": false
  },
  "lootr:1chest": {
    "criteria": {
      "opened_chest": "2025-10-14 04:15:56 +0000"
    },
    "done": true
  },
  "lootr:social": {
    "criteria": {
      "opened_barrel": "2025-10-14 04:16:57 +0000",
      "opened_chest": "2025-10-14 04:15:56 +0000",
      "opened_cart": "2025-10-17 06:03:17 +0000"
    },
    "done": false
  },
  "lootr:1barrel": {
    "criteria": {
      "opened_barrel": "2025-10-14 04:16:57 +0000"
    },
    "done": true
  },
  "minecraft:story/form_obsidian": {
    "criteria": {
      "obsidian": "2025-10-14 04:18:54 +0000"
    },
    "done": true
  },
  "minecraft:story/iron_tools": {
    "criteria": {
      "iron_pickaxe": "2025-10-14 04:18:58 +0000"
    },
    "done": true
  },
  "artifacts:amateur_archaeologist": {
    "criteria": {
      "find_artifact": "2025-10-14 04:19:04 +0000"
    },
    "done": true
  },
  "intensehorror:sweet_victory": {
    "criteria": {
      "sweet_victory": "2025-10-14 04:27:01 +0000"
    },
    "done": true
  },
  "minecraft:adventure/sleep_in_bed": {
    "criteria": {
      "slept_in_bed": "2025-10-17 03:44:09 +0000"
    },
    "done": true
  },
  "minecraft:story/lava_bucket": {
    "criteria": {
      "lava_bucket": "2025-10-17 04:04:31 +0000"
    },
    "done": true
  },
  "lootr:10loot": {
    "criteria": {
      "loot_stat": "2025-10-17 04:12:02 +0000"
    },
    "done": true
  },
  "minecraft:story/mine_diamond": {
    "criteria": {
      "diamond": "2025-10-17 04:15:05 +0000"
    },
    "done": true
  },
  "minecraft:husbandry/plant_seed": {
    "criteria": {
      "wheat": "2025-10-17 04:23:30 +0000"
    },
    "done": true
  },
  "apollyon:back_to_hell": {
    "criteria": {
      "back_to_hell": "2025-10-17 04:23:58 +0000"
    },
    "done": true
  },
  "intensehorror:chainsaw_massacre": {
    "criteria": {
      "chainsaw_massacre": "2025-10-17 04:42:31 +0000"
    },
    "done": true
  },
  "intensehorror:the_harbinger_of_catastrophe": {
    "criteria": {
      "the_harbinger_of_catastrophe": "2025-10-17 04:43:27 +0000"
    },
    "done": true
  },
  "the_knocker:cant_sleep": {
    "criteria": {
      "cant_sleep_0": "2025-10-17 05:02:37 +0000"
    },
    "done": true
  },
  "intensehorror:end_of_the_death": {
    "criteria": {
      "end_of_the_death": "2025-10-17 05:40:28 +0000"
    },
    "done": true
  },
  "minecraft:story/shiny_gear": {
    "criteria": {
      "diamond_helmet": "2025-10-17 05:57:53 +0000"
    },
    "done": true
  },
  "lootr:1cart": {
    "criteria": {
      "opened_cart": "2025-10-17 06:03:17 +0000"
    },
    "done": true
  },
  "quark:get_all_blossom_saplings": {
    "criteria": {
      "yellow": "2025-10-23 03:16:00 +0000"
    },
    "done": false
  },
  "graveyard:graveyard/root": {
    "criteria": {
      "grave_01": "2025-10-23 05:06:17 +0000"
    },
    "done": true
  },
  "deeperdarker:main/kill_all_sculk_mobs": {
    "criteria": {
      "phantom": "2025-10-23 07:39:55 +0000"
    },
    "done": false
  },
  "intensehorror:return_from_the_deads": {
    "criteria": {
      "return_from_the_deads": "2025-10-24 01:37:11 +0000"
    },
    "done": true
  },
  "intensehorror:no_more_experiments": {
    "criteria": {
      "no_more_experiments": "2025-10-24 01:51:10 +0000"
    },
    "done": true
  },
  "intensehorror:demon_slayer": {
    "criteria": {
      "demon_slayer": "2025-10-24 01:51:40 +0000"
    },
    "done": true
  },
  "intensehorror:ghostbusters": {
    "criteria": {
      "ghostbusters": "2025-10-24 01:52:55 +0000"
    },
    "done": true
  },
  "intensehorror:golden_treat": {
    "criteria": {
      "golden_treat": "2025-10-24 01:53:30 +0000"
    },
    "done": true
  },
  "DataVersion": 3465
}